活動名稱,封面照片,活動時間,舉辦地點,舉辦單位名稱,舉辦單位連結,活動簡介,嘉賓名單,活動連結,報名連結
【觀光休閒】雅比斯露營區，原住民編織DIY體驗,,"2024.09.25 (Wed) 14:00 - 2025.12.31 (Wed) 15:30 (GMT+8)
Add To Calendar",台灣桃園市復興區華陵里上巴陵9鄰69號,歡迎到王樣活動官網，了解更多有趣的活動喔,https://www.ksadmg.com/aboutus,"深入桃園復興探索泰雅文化的精髓，藉由體驗活動來參與原民歷史，感受泰雅傳統技藝之美。深入介紹泰雅歷史與文化，讓您更加了解這個古老族群的故事。

透過瞭解傳統技藝-泰雅編織技巧，實現在書籤編織活動上，結合趣味、歷史文化價值、讓編織文化與作品、伴隨著書香、雋永流傳
 活動費用 編織DIY 400元/位
費用包含 DIY手做體驗素材費用、教學師資、場地使用費、保險
預約限制 至少需要5天前預訂
4人(含)以上成行，可協助湊團，每場次最多 15人(會併團執行)。
活動時間 約1.5小時
活動時段 14:00開課
活動日期
全年皆可預訂，每週三四五六日提供服務
集合地點
桃園市復興區華陵里上巴陵9鄰69號
交通方式 
建議自行開車。(活動場地可免費停車)
保險政策 投保公共意外責任險
退改政策
主辦單位取消政策：
(1)中央氣象局發布陸上颱風警報，將於24小時內公告取消行程並全額退費。
消費者預訂後如欲取消或改期規則如下：
(1) 活動前2日取消可全額退費或免費改期。(例如7月6日的活動，在7月4日可全額退費或免費改期；改期僅限一次且無法再接受第2次退改、需於當年度使用完畢;若因不可抗力之因素，如地震或颱風等，則不受時限可任意轉換其他梯次。)。
(2) 活動前1日不接受取消，並不予退回款項。
(3) 活動當日不接受退費或改期。如客人未到或遲到導致無法正常舉行，由客人自行承擔。
注意事項
##購票時須填寫參加日期，請務必填寫清楚喔!!
##付款後請留意信箱，我們會通知您行前通知與聯絡喔~",,https://www.accupass.com/event/2409241453401495455900?utm_source=web&utm_medium=search_result_&utm_campaign=accu_e_,
【職場參訪體驗】沏茶林國際實業有限公司(隨緣茶空間),https://static.accupass.com/eventbanner/2505110920581402843299.jpg,"2025.06.20 (Fri) 10:00 - 16:30 (GMT+8)
Add To Calendar",台灣桃園市龍潭區中原路三段29號,打造桃園青年的第一哩路，一個青年可以在地就業、在地創業、快意生活、逐夢築巢、安居樂業的新城市。,https://youth.tycg.gov.tw/,"【職場參訪體驗】沏茶林國際實業有限公司(隨緣茶空間)
🚩活動時間：6/20（五）10:00-16:30
🚩集合時間：09:10
🚩集合地點：中壢火車站後站(新興路)
🚩單位介紹：
沏茶林國際實業有限公司(隨緣茶空間)於2019正式進駐桃園市龍潭區，為了使年輕人熱愛茶，喜歡茶，愛喝茶，而創立茶空間，以工業風，運用格柵設計，廠區內有多功能會議室、禪修打坐進修室。

🚩活動介紹：
本次「沏茶林國際實業有限公司(隨緣茶空間)」將介紹現代茶葉製作技術，使茶產業邁向創新的時代，從採茶到製茶，完整過程讓大家親自體驗，一起來見證科技與文化的融合。
#茶產業與製作技術：了解茶葉製作的產業模式
#深度了解製茶工序：專人詳細介紹製茶步驟
#茶葉加工流程體驗：實際體驗採茶、製茶過程

千萬不要錯過這次這次能認識「沏茶林」的機會！

🚩活動流程：
※實際活動內容以當日體驗安排為主。
 ⭔ 職 場 體 驗 ⭔  
具有指標性 x 職務好有趣 x 桃園好優先

職場體驗，趣味無限！
一 起 實 際 走 入 企 業 吧 ！

企業主管變身職場領航員，帶你實作與體驗，
感受企業職場工作環境與氛圍，還有瞭解企業的培訓制度與職涯發展。
手點報名第一步，跨出職場探索無限可能!

💡大家持續關注「桃園青年職涯發展及職場體驗計畫」，還有更多場次可以報名就加在這裡
 ⭔ 報 名 資 格 ⭔ 
歡迎有興趣的朋友一同來報名~
🌟免費報名！
鼓勵 15-30 歲青年，公私立高中職或大專院校在校學生及應屆畢業生(畢業 1 年以內)，及
設籍於桃園市或就讀桃園市轄內學校優先錄取🌟

★同步歡迎各大學校報名★
 ⭔ 工 作 小 組 提 醒 ⭔ 
➊｜持續鎖定報名頁 機會不錯過
活動免費，專車接送，中午供餐，名額有限
活動場次陸續推出中，有興趣一定要手刀報名！

➋｜部分報名有審核機制 收到錄取通知信才算完成報名

各企業因專業程度所需技能不同，
也因為要確保體驗過程更順暢，所以有報名審核機制喔。

➌｜不要因為性別限制了選擇

不管性別是男是女還是其他，
性別認同都不應是你我挑選工作的標準，
別讓性別職業隔離影響了你的職涯選擇。


➍｜其他小提醒
活動皆全程免費，並提供餐食、保險及接駁。
活動前將發送行前通知，由工作小組包車接送各場次之報名人員。
活動前須投保旅遊平安保險，個人資料使用請詳閱個資說明。
本活動將透過 E-mail 寄發錄取通知及注意事項，請務必填寫常用信箱，並依指定時間及地點報到。
課堂如需請假，請提前告知。
本活動若未開班成功，本單位最遲將於開課前 2 日以 E-mail 通知。
報名即同意將報名表所需個人資料授權予桃園市政府各機關使用，本活動拍攝及錄製本人之肖像，並得加以使用、宣傳、廣告、行銷或公開展示於平面、網路或電子媒體，本府就該拍攝及錄製之著作享有完整之著作權。本聲明暨同意書若有未盡事宜，依個人資料保護法或其他相關法律之規定辦理。
⭔ 聯 絡 資 訊 ⭔
葉先生
電話：02-2958-0011#208
信箱：jy8864@oad.com.tw
余小姐
電話：02-2958-0011#228
信箱：mayyrl1025@oad.com.tw
主辦單位｜桃園市政府青年事務局

本案由勞動部就業安定基金補助
本單位保留活動最終修改、變更及解釋權，如有未盡事宜或任何異動，將隨時修正公告。",,https://www.accupass.com/event/2505110916055790383790?utm_source=web&utm_medium=search_result_&utm_campaign=accu_e_,
【客青創意SUP教育體驗營・玩學計畫】#對象：18-35歲青年#動茲卷,https://static.accupass.com/eventbanner/2505151210312329563980.jpg,"2025.06.08 (Sun) 13:00 - 09.30 (Tue) 13:00 (GMT+8)
Add To Calendar",台灣新竹縣峨眉鄉石井村1鄰1之1號,十二寮休閒農業發展協會,https://www.facebook.com/profile.php?id=61572430618517,"🗓️ 研習行程表
📍Day1｜文化創意實作
13:00 集合｜check in  富興公車站
 領取「創客補給包」
專車接駁至十二寮農業區
13:30 繽紛米食3小時研習
14:00-15:00｜色素科學課：從食材萃取天然染料
15:00-16:00｜粄食造型工坊：捏製漸層米苔目與創意粢粑
16:00-16:30｜香草花園走讀#拍出#客庄食驗室美照
17:00 採集可食用花草，調配專屬「野性花草茶」
17:30 入住客庄 姑姑家｜客家梅干米食晚餐
20:00 手機創作夜間部#剪輯實戰#送件(「來去客庄尞」短影音徵件活動)
 📍Day2｜生態行動挑戰
7:30 晨喚｜客家阿婆早餐
9:00 SUP立槳教育營
基礎教學：安全操槳技巧與平衡秘訣
身心挑戰：SUP平衡冥想、團隊跳水遊戲
生態任務：小組競賽清理布袋蓮、垃圾
12:00 湖畔午餐   
13:30 頒發研習證書｜ #「布袋蓮」許願瓶
專車返程
📍 研習營資訊
對象：18-35歲青年（4~6人即可成團）
日期：每週日.一 開團（兩天一夜）
費用：$2,200/人（可折抵動滋券500點！含食宿、保險、SUP裝備）",邱經理,https://www.accupass.com/event/2505151221361408655180?utm_source=web&utm_medium=search_result_&utm_campaign=accu_e_,
【職場參訪體驗】稦久銥有限公司(享樂蜂蜜),https://static.accupass.com/eventbanner/2505111226122003304156.jpg,"2025.06.26 (Thu) 10:00 - 16:30 (GMT+8)
Add To Calendar",台灣桃園市大溪區大鶯路1320巷108弄29號,打造桃園青年的第一哩路，一個青年可以在地就業、在地創業、快意生活、逐夢築巢、安居樂業的新城市。,https://youth.tycg.gov.tw/,"【職場參訪體驗】稦久銥有限公司(享樂蜂蜜)
🚩活動時間：6/26（四）10:00-16:30
🚩集合時間：09:10
🚩集合地點：桃園火車站後站(延平路)
🚩單位介紹：
父親是享樂蜜蜂的第一代蜂農，守護環境永續經營，貼近自然，家人把這些養蜂趣事當成茶餘飯後的話題，養蜂也就不覺得這麼辛苦了，這也是「享樂」的由來。第二代經營者_李姿瑩，載著一份堅持與凝聚家人的力量，推廣生態，農場秉持著一絲不苟的職人精神，一同愛護環境的使命，這樣永續經營的理念，產出值得細細品味的產品。

🚩活動介紹：
本次體驗內容將認識農市發展的特色，透過生態導覽及實際體驗親手造蜂糧，探索不為人知道蜂農生活，讓年輕朋友體驗一日蜂農的相關工作，了解農市經營的理念與想法，闖出嗡嗡新世界。
#品牌理念：使命必達的「永續經營」
#農市經營：推廣生態，打開農場知名度
#享樂蜂蜜園：認識蜜蜂，養蜂達人的神秘法則

千萬不要錯過這次這次能認識「享樂蜂蜜」的機會！

🚩活動流程：
※實際活動內容以當日體驗安排為主。
 ⭔ 職 場 體 驗 ⭔  
具有指標性 x 職務好有趣 x 桃園好優先

職場體驗，趣味無限！
一 起 實 際 走 入 企 業 吧 ！

企業主管變身職場領航員，帶你實作與體驗，
感受企業職場工作環境與氛圍，還有瞭解企業的培訓制度與職涯發展。
手點報名第一步，跨出職場探索無限可能!

💡大家持續關注「桃園青年職涯發展及職場體驗計畫」，還有更多場次可以報名就加在這裡
 ⭔ 報 名 資 格 ⭔ 
歡迎有興趣的朋友一同來報名~
🌟免費報名！
鼓勵 15-30 歲青年，公私立高中職或大專院校在校學生及應屆畢業生(畢業 1 年以內)，及
設籍於桃園市或就讀桃園市轄內學校優先錄取🌟

★同步歡迎各大學校報名★
 ⭔ 工 作 小 組 提 醒 ⭔ 
➊｜持續鎖定報名頁 機會不錯過
活動免費，專車接送，中午供餐，名額有限
活動場次陸續推出中，有興趣一定要手刀報名！

➋｜部分報名有審核機制 收到錄取通知信才算完成報名

各企業因專業程度所需技能不同，
也因為要確保體驗過程更順暢，所以有報名審核機制喔。

➌｜不要因為性別限制了選擇

不管性別是男是女還是其他，
性別認同都不應是你我挑選工作的標準，
別讓性別職業隔離影響了你的職涯選擇。


➍｜其他小提醒
活動皆全程免費，並提供餐食、保險及接駁。
活動前將發送行前通知，由工作小組包車接送各場次之報名人員。
活動前須投保旅遊平安保險，個人資料使用請詳閱個資說明。
本活動將透過 E-mail 寄發錄取通知及注意事項，請務必填寫常用信箱，並依指定時間及地點報到。
課堂如需請假，請提前告知。
本活動若未開班成功，本單位最遲將於開課前 2 日以 E-mail 通知。
報名即同意將報名表所需個人資料授權予桃園市政府各機關使用，本活動拍攝及錄製本人之肖像，並得加以使用、宣傳、廣告、行銷或公開展示於平面、網路或電子媒體，本府就該拍攝及錄製之著作享有完整之著作權。本聲明暨同意書若有未盡事宜，依個人資料保護法或其他相關法律之規定辦理。
⭔ 聯 絡 資 訊 ⭔
葉先生
電話：02-2958-0011#208
信箱：jy8864@oad.com.tw
余小姐
電話：02-2958-0011#228
信箱：mayyrl1025@oad.com.tw
主辦單位｜桃園市政府青年事務局

本案由勞動部就業安定基金補助
本單位保留活動最終修改、變更及解釋權，如有未盡事宜或任何異動，將隨時修正公告。",,https://www.accupass.com/event/2505110909041262911132?utm_source=web&utm_medium=search_result_&utm_campaign=accu_e_,
基隆美味秘密｜基隆實境探索遊戲｜雨都漫步－市區美食巡禮 X 吃進歷史人文（7-12月）,https://static.accupass.com/eventbanner/2504100818141152810268.jpg,"2025.07.01 (Tue) 10:00 - 12.31 (Wed) 16:00 (GMT+8)
Add To Calendar",台灣基隆市200仁愛區忠一路海洋廣場,雨都漫步Keelung for a walk臉書專頁,https://www.facebook.com/keelungwalk,"基隆實境探索遊戲－基隆美味秘密
 挖掘基隆特色飲食人文

位於海口城市的基隆，經歷不同的歷史斷代，移民們帶來相異社會文化和獨特家鄉味，揮灑調和出別具特色的飲食地景。展開基隆美食版圖，是一場臺菜、日本料理、粵菜、外省麵食、咖啡廳……融合多元滋味的旅程。

這座24小時都不會讓人餓著，攤攤獨具美味的小吃街區，都讓人對基隆這座城市的飲食流連忘返。究竟基隆的美味，是由什麼樣的特色飲食內涵構成的呢？
 ▾ ▾ ▾ 孝三路形同在地的灶咖，美味更是歷久彌新▾ ▾ ▾
  ▾ ▾ ▾ 百家爭鳴的廟口夜市，更是解碼基隆美味的重要現場▾ ▾ ▾
 

一場美味探索行程，走逛基隆飲食街區，邊玩邊吃基隆經典美食，用味蕾記憶基隆小食魅力⋯⋯

「基隆美味秘密」故事背景

出生於基隆、移居美國多年的男主角John，小時候就隨著父母移民，有記憶以來從未返回自己的出生地，成長過程中，對父母口中的「基隆小吃」充滿好奇，讓他決定規劃一場屬於味蕾的「尋根壯遊」。
雖然從未在基隆生活過，卻因父母不斷提及基隆而對這座城市存有獨特的情感，基隆的小吃、爺爺奶奶曾經的生活記憶⋯⋯加上John一點一滴在網路世界中搜集的基隆資訊，讓他對這個地方越發好奇。20歲這一年，John替自己規劃了尋根壯遊旅程，帶著一本集結基隆歷史與美食筆記本，從桃園機場到台北、再坐火車來到基隆，想要找出屬於父母口中的「基隆的味道」。

｜遊戲中你將體驗｜
✔ 6樣基隆經典美食
✔ 基隆超在地口味
✔ 走訪在地人的採買日常
✔ 基隆廟宇趣味解謎
✔ 故事角色額外跟你分享的基隆美食
✔ 深入探索基隆的調味特色
✔ 沉浸基隆飲食空間

｜遊戲資訊｜
▧　遊戲地點：城隍廟、孝三路、仁愛市場、基隆廟口....等共7處
▧　遊戲起點：台灣基隆市200仁愛區忠一路海洋廣場
▧　遊戲關卡間隔距離：約5~10分鐘步行距離
▧　遊戲地點：7處
▧　遊戲時間：2-3小時（＊遊戲時間僅供參考，依照玩家狀況會有遊戲時間延長或縮短情形，預先安排充足的體驗時間為佳）
▧特別提醒：遊戲中所介紹的美食，均可自行決定是否消費，用另類的旅遊方式促進在地經濟：）。
▧　遊戲開放時間：每週一至週日開放。連假或其他特殊休息日將另行公告。請報名前務必詳閱本活動頁面說明，以確認當日是否開放。

｜實境探索遊戲＞怎麼玩？｜



｜聽聽玩家怎麼說!｜



｜遊戲須知與注意事項｜
1. 遊戲全程使用手機或平板（需連接網路）。
2. 遊戲活動票卷僅限當日開放，時段為上午 10:00 至下午 16:00 ，可任選時間開始，最晚12:30開始遊戲為佳，建議預留約3～4小時以利順暢完成。
3. 遊戲網頁可使用的設備數量，是依據您購買的票卷人數而定。超過票卷數量的登入設備數量，將無法成功啟用遊戲。
4. 參加者皆需至現場進行遊戲體驗。
5. 因應遊戲規劃，全程建議以步行方式遊玩破關，請衡量自身體力狀況，建議攜帶瓶裝水。
6. 遊戲內地點皆無任何額外付費。
7. 本遊戲沒有現場人員，如遇無法破解關卡等突發狀況，遊戲頁面有小天使聯絡資訊可利用詢問。
8. 本遊戲為一次性體驗，無法重複開啟。
9. 遊戲中將帶大家認識超多好吃的基隆美食，要來玩的朋友們，記得先空下肚子，準備大快朵頤喔！
請注意，您只能填寫報名當日「兩天後」起的場次，並請務必在報名表中填寫您預計的遊玩日期。
例如：若您於 06/01 報名，則只能填寫 06/03（含）以後的場次。
這項規定是為了確保您能在活動當日收到我們的遊戲啟動通知信，因為我們的通知信是由專人處理的。謝謝您的理解和配合，這樣的安排將確保您順利參加遊戲。
▾ ▾ ▾ ▾ ▾ ▾ ▾ ▾ ▾ ▾ ▾ ▾ ▾ ▾ ▾ ▾ ▾ ▾ ▾ ▾ ▾ ▾ ▾ ▾ ▾
關於我們
雨都漫步由一群熱愛基隆的人自發性組成，來自地理、傳播、人類學、旅遊、藝術、教育、歷史等多元領域背景。

我們推動深度文化體驗，透過雨都漫步特寫的基隆五大樣貌－「閃爍基隆」、「浪潮基隆」、「魔幻基隆」、「調味基隆」、「稜線基隆」，映照基隆的歷史脈絡與城市特色。

雨都漫步規劃小旅行、策展、出版、Podcast、工作坊、實境探索遊戲、小說創作等活動主題，以創新的在地觀點帶出基隆特色。迄今已規劃超過 60 條深度旅行路線、吸引超過 6,500 人參與體驗；以 5 檔文化策展爬梳西岸碼頭、中元祭、和平島與琉球的歷史；訪談撰寫基隆出版品、集結上百篇基隆歷史與旅行的文章發佈；持續傳承基隆百年文化遺產「中元祭」；近期推出 Podcast「雨都漫播」節目、親子體驗與實境探索遊戲，呈現雨都基隆更豐富多元的面貌。



☔和我們一起在基隆漫步吧☔
官網 | Podcast | IG | FB | Pinkoi | Youtube
→查詢近期小旅行
→來自旅人的真性情評價",,https://www.accupass.com/event/2504100812558694158270?utm_source=web&utm_medium=search_result_&utm_campaign=accu_e_,
,,,,,,,,https://www.accupass.com/event/2505110937099252564640?utm_source=web&utm_medium=search_result_&utm_campaign=accu_e_,
2025台灣外展夏令營隊說明會06/03場,,"2025.06.03 (Tue) 20:00 - 21:00 (GMT+8)
Add To Calendar",,夏令營官網連結,https://obtaiwan.org/camp_introduction/,"各位關心孩子成長的家長你們好～
我們理解讓孩子體驗戶外冒險，
難免會有些顧慮，
但如果有一種戶外冒險營隊，
能在安全的範圍中，
帶領孩子挑戰自我，並練習獨立生活，
你會想了解更多嗎？
 📌【說明會主題】📌
「OBT外展夏令營隊｜六天五夜基地營&六天五夜挑戰營&十天九夜遠征營深入介紹」
我們將邀請台灣外展課程部的指導員們，親身分享：
2025台灣外展夏令營隊內容與特色｜15min
台灣外展營隊的風險管理與安全規範｜15min
家長Q&A環節｜30min
📅說明會時間：06/03(二) ｜20:00～21:00
📍說明會內容含括六天五夜基地營&六天五夜挑戰營&十天九夜遠征營介紹
📍OBT營隊適合小學四年級~高中三年級的兒童與青少年參與
📍說明會採線上會議進行，活動前15分鐘可由票券連結進入會議室

我們期待與家長們有更多的交流互動😊
誠摯邀請您參與說明會的討論，並提出有關營隊內容的疑問！
外展的營隊不僅只是一個戶外活動，而是能正面影響孩子的冒險體驗💪
如果您想為孩子留下一個精彩難忘的冒險回憶，
趕緊報名這次說明會，了解更多～🤗


🔽六天五夜基地營活動內容🔽
https://obtaiwan.org/all-courses/basecamp-product/
🔽六天五夜挑戰營活動內容🔽
https://obtaiwan.org/all-courses/challengecamp-product/
🔽十天九夜遠征營活動內容🔽
https://obtaiwan.org/all-courses/expeditioncamp-product/
🔽更多營隊資訊歡迎參考下方連結🔽
https://obtaiwan.org/camp_introduction/
 ",,https://www.accupass.com/event/2503231424081949750247?utm_source=web&utm_medium=search_result_&utm_campaign=accu_e_,
【山景第一排・日治古道】塔塔加五連峰 特富野古道┃山行旅,https://static.accupass.com/eventbanner/2505212238172080448869.jpg,"2025.07.12 (Sat) 06:30 - 07.13 (Sun) 19:00 (GMT+8)
Add To Calendar",台灣南投縣鹿林山,山行旅Facebook粉專,https://shorturl.at/nPNWD,"▌塔塔加五連峰
塔塔加五連峰 距離12km 爬升900m 步行時間約8小時
塔塔加附近的五座中高級山，包含鹿林山2858M、鹿林前山2862M、真鹿林山2895M、石水山2800M、麟趾山2854M，全程約13公里。
一次縱走則能滿足山友總是亢奮的腎上腺素，並深入群山環繞之懷抱，自不同角度讚嘆玉山群峰以及阿里山山脈之美，此路線親臨山景第一排，為適合觀賞日出、雲海、晚霞、星空的絕美地點，其中鹿林山、麟趾山沿途景色優美展望佳，沿途欣賞玉山群峰的美景，是適合大眾踏青的路線。
▌特富野古道
特富野古道 距離6.3km 爬升600m 步行時間約3小時
沒有人走過特富野古道不稱讚的，這裡林木茂密，古木參天，加上舊鐵道與枕木相伴，迷漫在空氣中的還有一絲日治時期存留的人文歷史氣息。  
清新冷冽的空氣中，吐納之間盡是自然的芬多精，沿途生態豐富，尤其鳥類種類更是繁多。由自忠入古道前半段地勢平緩，柳杉環繞滿山遍谷，後段則是下陡坡，沿路林相轉為闊葉原始林，景色秀麗迷人，為適合假日戶外踏青及賞鳥的好地方。
 7/12 特富野古道、鹿林神木步道
特富野古道 距離6.3km 爬升600m 步行時間約3小時
06:30台北車站西三門
08:30台中高鐵站（請提早告知領隊，否則不會作停留）
11:10自忠登山口（早餐自理）
11:30涼亭
12:00東水山登山口
12:30自忠支線水山線鐵軌終點，開始下坡
13:00倒木
13:30特富野古道南端口（午餐自理）
14:30鹿林神木步道口
14:45鹿林神木
15:00鹿林神木步道口
16:00阿里山晚餐（合菜）
17:30東埔山莊
 7/13 塔塔加五連峰
塔塔加五連峰 距離12km 爬升900m 步行時間約8小時
06:00起床（早餐自理）
06:30塔塔加接駁車
06:45麟趾山登山口出發
07:35麟趾山2854M
08:00麟趾山鞍部
08:55鹿林山2858M
09:20鹿林前山2862M
10:20石水山主峰2895M（真鹿林山）
11:10石水山2800M（午餐自理）
13:15鹿林山2858M
13:25鹿林山莊
13:50大鐵杉
14:00遊客中心
14:05上東埔停車場
17:00台中高鐵站（請提早告知領隊，否則不會作停留）
19:00台北車站
麟趾山的無敵展望
可愛的山羌
小猴子出沒啦～～
鹿林神木，台灣第二神木，樹齡約2700年，大約生於中國周朝的時代
 集鄒族生活場域、早年林鐵文史於一身的特富野古道，說是仙境也不為過，起霧時、陽光穿透柳杉林時，歲月在山中流轉
阿里山山椒魚有著突出的大眼，和永遠微笑的嘴巴
每個轉彎，都是風景
▌活動花絮
▌行程費用
NTD：$5500
※費用包含
交通：台北 - 塔塔加五山、特富野古道登山口來回接駁
住宿：東埔山莊
餐食：第一天晚餐 - 阿里山餐廳合菜
其他：嚮導費、200萬旅平險、行政作業支出
 ※費用不含
自理餐食
▌報名事項
確認報名即同意下列條款，請務必仔細閱讀！
（本行程為非抽籤路線，報名後請在5天內繳清訂金$2000，若未於期限內繳費，名額將不會做保留。）
務必檢查LINE帳號與電話號碼是否填寫正確，並確定有開啟「允許透過ID加入好友」，方便我們後續聯絡。
如超過三天未收到訊息，麻煩聯絡官方email詢問。
包團均有優惠並且可以指定日期，但需要以七為倍數不然會有費用差異，請聯絡官方email。
📍當報名人數到達開團人數7人後， 我們會開設LINE群組把您加入，若人數不足未成行，則會聯絡您安排退費。
 ▌注意事項
報名前請您衡量自身體能與負重能力，選擇合適的行程，可避免體力負荷過大的情況發生。
報名前請確認無心臟病、懼高症、懷孕等或任何不適合從事登山活動之情形，若有固定服用藥物請隨身攜帶且按醫囑服用。行程中請務必遵從領隊之指揮，若有任何身體不適情況，請立即主動告知尋求協助，若因隱瞞病史或刻意不告知身體狀況，致生任何危害或損傷，應自行負責。
如因大雨特報、颱風警報、不可抗力或不可歸責於雙方當事人之事由而無法成行時，扣除已代繳的行政手續費後，將餘款退還旅客。
務必檢查LINE帳號與電話號碼是否正確，並確定有開啟「允許利用ID加入好友」，方便我們後續聯絡。",Sky,https://www.accupass.com/event/2505212232062033567040?utm_source=web&utm_medium=search_result_&utm_campaign=accu_e_,
素食交友-就素好玩 知心活動體驗 0622場次,https://static.accupass.com/eventbanner/2505220516252556502400.jpg,"2025.06.22 (Sun) 09:00 - 17:00 (GMT+8)
Add To Calendar",台灣新北市鶯歌火車站,幸福素界,https://www.facebook.com/vegans.happy/,"✨就素好玩知心活動✨➡️6/22(日)新北場次 孫龍步道(熱報中)

廣受歡迎的就素好玩知心活動系列，透過引導的知性活動體驗，更有深度、輕鬆自在的探索每個人的特質與價值觀交流，一起來場素友知性之旅吧～

★報名期間：本活動同步在BeClass、ACCUPASS、KKTIX、LINE熱報中，目前15人，24人額滿為止。
★報名資格：接受素食或茹素未婚男女，25歲以上，有正當職業。
★活動費用：優惠價1000元，『女生 特價600元』
費用包含午餐美食饗宴、活動進行費用、材料、雜支。
活動前預留場地、餐飲等，恕無接受退費要求，可將名額轉讓給其他符合本活動對象者。

★行程內容：
08:50-09:10鶯歌火車站集合(長途北上或南下建議搭乘9:10前到鶯歌之列車)
09:10-10:00鶯歌孫龍步道相見歡團康活動
10:00-12:00古道素遊小組任務&素友小隊時間
12:00-14:00唐居蔬食棉麻鶯歌旗艦店美食饗宴&談心時間
14:00-16:00知性活動體驗-魅力特質探索&伙伴特質交流
16:00-16:30知性活動體驗-感恩與祝福&團體合照
17:00～返回鶯歌火車站 or 素友續攤晚餐

★注意事項：
1.本活動限定為茹素活動，也是無菸活動，無法配合者請勿報名。
2.活動前三天將以E-mail做行前提醒通知，請屆時留意信件匣收信提醒。
3.當日請攜帶身分證正本，查核確認後即當場歸還，以確保參加資格。
4.休閒活動請視個人需求自行投保平安保險。
5.本活動只發放參加伙伴姓名，不發放任何通訊及個人資料。
6.活動日可能依不可抗力因素調整行程內容，主辦保留修改行程之權利。
7.報名相關問題可與主辦單位詢問: vegans.happy@gmail.com
8.下一場次8/17后豐鐵馬道，簡章請參考幸福素界粉絲專頁連結資訊。

➤集結最多茹素單身新朋友活動 邀您參加
《歡迎轉貼訊息予身邊朋友分享》",,https://www.accupass.com/event/2505220510264033689920?utm_source=web&utm_medium=search_result_&utm_campaign=accu_e_,
【職場參訪體驗】暴風數位股份有限公司,https://static.accupass.com/eventbanner/2505110929361565725491.jpg,"2025.06.21 (Sat) 10:00 - 16:30 (GMT+8)
Add To Calendar",台灣桃園市中壢區三光路58之1號3樓,打造桃園青年的第一哩路，一個青年可以在地就業、在地創業、快意生活、逐夢築巢、安居樂業的新城市。,https://youth.tycg.gov.tw/,"【職場參訪體驗】暴風數位股份有限公司
🚩活動時間：6/21（六）10:00-16:30
🚩集合時間：09:20
🚩集合地點：中壢火車站後站(新興路)
🚩單位介紹：
暴風數位股份有限公司為一家設立於桃園的軟體開發公司。將遊戲開發的相關技術應用在不同使用情境。目前的主力服務為線上展會系統，結合遊戲、視訊與媒合系統，希望成為交流、媒合或展示的實用數位工具。

🚩活動介紹：
本次「暴風數位股份有限公司」將帶大家認識及體驗暴風數位AI產品，還能自己動手進行網頁設計專案、釐清問題並定義人物誌。
#基礎知識建立：認識暴風數位AI產品
#提案發想：尋找AI世代問題，定義Persona
#產業實作大解密：釐清問題並提出方案，排除障礙

千萬不要錯過這次這次能認識「暴風數位」的機會！

🚩活動流程：
※實際活動內容以當日體驗安排為主。
 ⭔ 職 場 體 驗 ⭔  
具有指標性 x 職務好有趣 x 桃園好優先

職場體驗，趣味無限！
一 起 實 際 走 入 企 業 吧 ！

企業主管變身職場領航員，帶你實作與體驗，
感受企業職場工作環境與氛圍，還有瞭解企業的培訓制度與職涯發展。
手點報名第一步，跨出職場探索無限可能!

💡大家持續關注「桃園青年職涯發展及職場體驗計畫」，還有更多場次可以報名就加在這裡
 ⭔ 報 名 資 格 ⭔ 
歡迎有興趣的朋友一同來報名~
🌟免費報名！
鼓勵 15-30 歲青年，公私立高中職或大專院校在校學生及應屆畢業生(畢業 1 年以內)，及
設籍於桃園市或就讀桃園市轄內學校優先錄取🌟

★同步歡迎各大學校報名★
 ⭔ 工 作 小 組 提 醒 ⭔ 
➊｜持續鎖定報名頁 機會不錯過
活動免費，專車接送，中午供餐，名額有限
活動場次陸續推出中，有興趣一定要手刀報名！

➋｜部分報名有審核機制 收到錄取通知信才算完成報名

各企業因專業程度所需技能不同，
也因為要確保體驗過程更順暢，所以有報名審核機制喔。

➌｜不要因為性別限制了選擇

不管性別是男是女還是其他，
性別認同都不應是你我挑選工作的標準，
別讓性別職業隔離影響了你的職涯選擇。


➍｜其他小提醒
活動皆全程免費，並提供餐食、保險及接駁。
活動前將發送行前通知，由工作小組包車接送各場次之報名人員。
活動前須投保旅遊平安保險，個人資料使用請詳閱個資說明。
本活動將透過 E-mail 寄發錄取通知及注意事項，請務必填寫常用信箱，並依指定時間及地點報到。
課堂如需請假，請提前告知。
本活動若未開班成功，本單位最遲將於開課前 2 日以 E-mail 通知。
報名即同意將報名表所需個人資料授權予桃園市政府各機關使用，本活動拍攝及錄製本人之肖像，並得加以使用、宣傳、廣告、行銷或公開展示於平面、網路或電子媒體，本府就該拍攝及錄製之著作享有完整之著作權。本聲明暨同意書若有未盡事宜，依個人資料保護法或其他相關法律之規定辦理。
⭔ 聯 絡 資 訊 ⭔
葉先生
電話：02-2958-0011#208
信箱：jy8864@oad.com.tw
余小姐
電話：02-2958-0011#228
信箱：mayyrl1025@oad.com.tw
主辦單位｜桃園市政府青年事務局

本案由勞動部就業安定基金補助
本單位保留活動最終修改、變更及解釋權，如有未盡事宜或任何異動，將隨時修正公告。",,https://www.accupass.com/event/2505110928291688678382?utm_source=web&utm_medium=search_result_&utm_campaign=accu_e_,
Yang 在旅行與草藥中遇到全新自己 ｜墨西哥、蘑菇、草藥、秘魯、死藤水,https://static.accupass.com/eventbanner/2505260826531060367490.jpg,"2025.06.05 (Thu) 20:00 - 21:00 (GMT+8)
Add To Calendar",,Meetup,https://www.meetup.com/latinstory/events/308058898,"這次風格一轉，請到日前遊歷於拉美，嘗試各種療癒經歷的遊牧療癒按摩師 Yang，介紹當時在拉丁美洲嘗試的各種療癒經歷．Yang 將以自身的旅行經歷和療癒實踐，帶領大家探索內在轉化的可能性。
適合對薩滿文化、草藥療癒或靈性成長，或是對當地原民和歷史文化有興趣的朋友參加 : )
📅 日期：6/4（星期四）
⏰ 時間：晚上8點
📍 地點：https://meet.google.com/gtb-hhwe-hih
如果您對拉美旅行有任何疑問，歡迎聯絡主辦人或聯絡主講者，活動中將會詳細回答，您的疑問相信也是他人的疑問！🙂
這是拉美旅遊資訊園地(2025) https://latinstory.notion.site/ 的活動，如果您去過拉美，歡迎參加我們的計劃，一起編修旅遊資訊和分享您的旅遊故事。如果您對旅遊有興趣，歡迎拜訪網站以及線上參加我們的活動，聽聽更多有趣的故事！
分享是旅行最美的延續！你有拉美的故事嗎？歡迎成為下一位分享者！如果你曾踏足這片大陸，無論長途或短程，都歡迎與我們聯繫，讓更多旅人從你的經驗中獲得啟發！",Yang,https://www.accupass.com/event/2505260828421634632076?utm_source=web&utm_medium=search_result_&utm_campaign=accu_e_,
兩天一夜 客庄夜未眠・青年創作季,https://static.accupass.com/eventbanner/2505141553591482206863.jpg,"2025.06.02 (Mon) 12:00 - 07.31 (Thu) 17:00 (GMT+8)
Add To Calendar",台灣新竹縣峨眉鄉湖光村十二寮12鄰1-2號,十二寮休閒農業發展協會,https://www.facebook.com/profile.php?id=61572430618517,"🗓️ 兩天一夜深度行程
📍Day1｜湖光山色・手作療癒
13:00 富興村庄集合 ➔check in
領取「創客補給包」（含客語拍攝腳本）
14:00 抵達十二寮休閒農業區
香草花園走讀：採集野花野草，學辨識可食用植物與療癒冷知識
繽紛米食DIY：從染色到塑形，創作漸層粢粑/米苔目拼盤
午茶時光：現沖花草茶+現蒸米食，拍出#客庄野餐風
17:00 入住姑姑家
梅干拌細粉晚餐：改良版客家拌粉佐姑姑獨門辣醬
20:00 手機創作特訓班
夜聊：美人茶香，邊聊邊剪今日素材
手把手教學：5招拍出「客庄體驗客家文化活動感」
投稿攻略：如何用45秒短片爭取賺$2500獎金！
📍Day2｜文化壯遊・非遺傳承
9:00 晨喚 ➔ 客家阿婆早餐

10:00 隆聖宮×峨眉湖文化巡禮
走訪百年隆聖宮聽客家信仰故事
漫步峨眉湖吊橋，遠眺72公尺青銅彌勒佛
秘境步道健走，捕捉「湖光倒影」魔幻時刻
12:00 客庄風味午餐
必吃「串串噜香辣豆干麵」：獨門辣油拌Q彈麵
13:30 非遺涼粉DIY
解密東方美人茶涼粉古法，調製會晃動的透明涼粉
創意吃法：淋黑糖薑汁or搭配桶柑蜜汁
15:00 滿載回憶專車返程",大姑姑,https://www.accupass.com/event/2505141506021317351943?utm_source=web&utm_medium=search_result_&utm_campaign=accu_e_,
冬季行程發表｜探尋冬季奇遇！台中（06月）,https://static.accupass.com/eventbanner/2505190413021769866434.jpg,"2025.06.07 (Sat) 10:00 - 17:00 (GMT+8)
Add To Calendar",台灣台中市北區五權路190號12樓之5,長安國際運通旅行社官網,https://www.hi-lite.com.tw/,"探尋冬季奇遇｜
在這趟旅行中，您將體驗到各地的獨特風情與生活方式，從埃及的神秘、到北歐的極光魅力，再到紐西蘭的自然和諧。每一處都是生命熱情的讚歌，每一個角落都散發著藝術的光彩。
讓我們一起啟程，深入這些充滿魔力與夢想的國度，探尋那些刻劃在時間之中的美好故事與創新精神。加入我們的冬季行程發表會，開啟一段浪漫與夢想交織的旅程！
 講座時間排程｜
10:00 埃及
14:00 極光
16:00 紐西蘭
 場地資訊｜
長安國際運通．台中
台中市北區五權路190號12樓之5
 注意事項｜
講座不接受現場報名。
報名於活動前五天截止。
人數不足10人則不辦理，上限15人。
活動當週三會電話確認該場次講座是否舉辦。
 活動花絮｜花絮照為付費活動，目前已改為免費活動並於長安會議室舉辦，照片僅供參考。
        ",March 陳,https://www.accupass.com/event/2505050658511260910747?utm_source=web&utm_medium=search_result_&utm_campaign=accu_e_,
【霄遙遊】客庄小旅行~4/25(六)挑鹽古道賞桐花趣~,https://static.accupass.com/eventbanner/2303230312131665450105.jpg,"2026.04.25 (Sat) 09:20 - 15:00 (GMT+8)
Add To Calendar",台灣苗栗縣通霄鎮中山路109號,挑鹽古道賞桐花趣,https://www.facebook.com/TONGXIAOTRIP,"挑鹽古道
挑鹽古道自鹽館埔出發，經虎頭崁古道翻越虎頭山，通往銅鑼。此山路修建於清朝道光時代，同治年間鋪設了卵石路，總長約一千二百階。由於此段山路彎曲如「礱鉤」（磨利的彎曲勾子），又被稱為「礱鉤崎」。
天空步道
位於苗栗銅鑼九湖村的九華山天空步道， 是全台最高的步行/自行車道，設有吊橋和瞭望台，可以從觀景台由上往下欣賞遼闊美麗的通霄風景，四~五月是苗栗欣賞桐花美景最佳地點。
黃家古厝
通霄鎮城北里與城南里兩行政區古名合稱為「土城」。乾隆二十二年（1757） 廣東人詹望觀進入這一帶開闢，因當時土地是屬平埔道卡族所有，詹氏就地取材建造土城以防，此即為土城地名之由來。詹氏棄地後有廣東黃舉英來墾，再次建造土城，黃舉英後人黃國清考取清代武秀才，故此處亦被稱為「黃家武秀才古厝」。古厝旁的石磨、牛車巷及客家人特有的惜字亭都值得一看。
【活動行程】09:30~15:30
9:30~12:30 霄遙遊~挑鹽古道
通霄火車站/挑鹽古道/天空步道/黃家古厝(惜字亭.牛車巷)/通霄
12:30~13:30 客家美食饗宴(自由覓食)
13:30~15:00 踅通霄街: 
百年商店/忠孝路舊街/舊街土地公廟/水度店/綠色小屋傳統小吃/百年慈惠宮/孵卵店/百年餅店...
15:00期待再相會~夕陽伴我歸
＊主辦單位保留調整活動內容之權利
【集合地點】通霄火車站
【集合時間】上午09:20
【活動費用】$500.-/人 學生$400.- (含點心一份) 幼稚園以下$200.-
*含接駁車費用$200.-(通霄火車站-挑鹽古道-天空步道-慈惠宮)
 【交通資訊】
開車可導航""通霄火車站""
搭火車:
台北往通霄可搭臺北07:00 發車的105山線自強號( 基隆 → 屏東 )到竹南
竹南轉搭08:43 發車的2513海線區間( 新竹 → 彰化 )通霄站下車約9:24
彰化往通霄可搭08:09 彰化發車的 2518 海線區間( 田中 → 新竹 )通霄站下車約9:07
台中往通霄可搭臺中發車的 2600區間( 臺中 → 大甲 )到大甲
大甲轉搭08:48 發車的2518區間( 田中 → 新竹 )通霄站下車約9:07
搭公車:
苗栗往通霄可搭苗栗火車站的5814(苗栗→ 大甲)7:40或8:30通霄站下車
【注意事項】
※古道為鵝卵石步道,坡度較大,請衡量自身狀況再報名.
※逾時不候請準時報到哦!如會晚到也請事通知我們.
※僅提供導覽服務,不包含保險,若需保險請自行處理!
【聯絡資訊】
若有任何疑問請留言或撥打0928613039許先生 詢問
【樂活通霄】霄遙遊~ https://www.facebook.com/TONGXIAOTRIP 
【通霄神社】 https://www.facebook.com/TONGXIAOSHRINE 
【石虎莊園】-友善耕種  https://www.facebook.com/LEOPARDCATFRIENDIY ",,https://www.accupass.com/event/2505041449578617760500?utm_source=web&utm_medium=search_result_&utm_campaign=accu_e_,
紅線牽姻緣－緣粉達玲之旅,https://static.accupass.com/eventbanner/2505160541308405692690.jpg,"2025.06.07 (Sat) 14:00 - 18:00 (GMT+8)
Add To Calendar",台灣台南市民權路二段162號,官方粉絲團,https://www.facebook.com/Chihkanfriends,"延續上回緣分的美好連結，我們將於 6月7日 再次熱鬧開跑！
這次的遊程由商圈吉祥物化身月老，帶領大家齊聚於【文鼎留聲博物館 Wenting Phonograph Museum 】。活動一開始，歡迎先點一杯喜愛的飲品，等遊程結束後還能消暑解渴、補充社交能量！
接著，我們將由專人引導至教室空間，進行簡單破冰活動，聆聽趣味的月老小故事，並揭曉本次活動的重頭戲——月老三神器：
🔴 赤嵌隨行袋：可用來裝載各種拜月老的好物，讓你邊走邊收集愛情好運。
🟡 月老通寶：可於遊程中合作店家使用，一枚等同50元，現場直接送你兩枚！
🟣 緣分姻緣香：特別取自龍樹菩薩敬愛法門，招桃花、聚人氣，不論戀愛還是人脈，通通招好招滿！
神器介紹完畢後，將帶領大家走訪商圈內隱藏版的甜點與特色美食。別忘了——月老可是嗜甜的喔！
最後，我們將前往月老廟宇，依正確順序誠心祭拜，向月老求取紅線與緣粉，還能體驗「求籤快速通關」的神奇魅力。回到文鼎後，將安排放鬆的咖啡時光與專業解籤服務，幫您解開各種情感或人生疑惑。
 參加本次活動的朋友，接著參與隔日（6/8）在文鼎留聲博物館「#Darling喜相逢-DIY音樂盒 」活動，享有最優惠的參與資格！【詳細活動資訊請見文鼎留聲博物館粉專】
 名額有限，快預約、一起緣起吧！
 ",,https://www.accupass.com/event/2505160603031905132480?utm_source=web&utm_medium=search_result_&utm_campaign=accu_e_,
【免費DIY手作學永續】年輪創意永續吊飾,https://static.accupass.com/eventbanner/2505220740524362205700.jpg,"2025.06.07 (Sat) 10:00 - 12:00 (GMT+8)
Add To Calendar",台灣彰化縣大村鄉學府路168號 大葉大學SDGS永續校園實踐場域,,,"🌿《永續導覽+年輪創意永續吊飾DIY》
手作一片自然，掛上永續的意義
走進自然，拾起一片葉、一朵花，將它們封存在手作的溫度裡 
🕙 時間｜6/7(六) 10:00–12:00
📍   地點｜大葉大學SDGs永續校園實踐場域 (工學大樓) H303早上10：00集合
走進自然，拾起一片葉、一朵花，將它們封存在手作的溫度裡。
本活動以蝶古巴特技法結合植物壓花，創作木片吊飾，不僅是藝術體驗，更是對SDG 12「責任消費」與SDG 15「保育陸域生態」的實踐。透過觀察植物、運用天然素材，讓孩子或參與者體會「取之自然、用之適度」的美學精神。
【大自然綠教室導覽 │ 10：00 - 11：00】
校園實踐場域參訪，讓參與者可以清楚快速了解SDGs所傳達的意義及必要性；並透過實作體驗，讓大家在作中學、學中作，體驗手作的樂趣並學習永續知識！
【年輪創意吊飾手作 │ 11：00 - 12：00】
本活動以蝶古巴特技法結合植物壓花，創作木片吊飾，不僅是藝術體驗，更是對SDG12「責任消費」與SDG15「保育陸域生態」的實踐。透過觀察植物、運用天然素材，讓參與者體會「取之自然、用之適度」的美學精神。
聯絡人：大葉大學永續辦公室 蘇先生
聯絡電話：04-8511888#2363",,https://www.accupass.com/event/2505220748052379599860?utm_source=web&utm_medium=search_result_&utm_campaign=accu_e_,
【SUP】宜蘭東澳懶人露營+海蝕洞烏岩角SUP,https://static.accupass.com/eventbanner/2404300904171838670349.jpg,"2025.06.01 (Sun) 04:00 - 08.31 (Sun) 17:00 (GMT+8)
Add To Calendar",台灣宜蘭縣蘇澳鎮東澳路121巷2號,,,"【極度重要資訊 - 此活動採取先諮詢後訂購!】
您好，此活動採取先諮詢後付款。(商品注意須知有寫)
您尚未跟我們諮詢過即付款，有可能無法體驗!(可能活動已額滿或天氣因素無法執行等)
王樣活動官方LINE ID：@ksadmg (要加@喔)
請您先加入好友並留言詢問您要的活動、方案、日期、場次、人數，確定能承接後再至活動通付款喔!
4,000元/位 (一人一板方案，10足歲以上65歲(含)以下)
透過SUP帶您探索台灣最大的東澳海蝕洞群，鬼斧神工的大自然手藝。
透過SUP帶您探索台灣最大的東澳海蝕洞群，鬼斧神工的大自然手藝。
以懶人露營、免裝備露營為宗旨，輕鬆享受大自然的迷人魅力。
烏岩角為中央山脈的起點，行程中可以從不同角度欣賞山崖壯麗之美，乘著SUP，滑過岩石嶙峋的海蝕洞，累了也不妨稍作休息，遠望湛藍無邊的太平洋。去程、回程皆搭乘動力小船，輕鬆無負擔的享受海天一線美景與海風。
本活動適合各年齡層大眾體驗，親朋好友相邀來划今夏最熱門的東澳海蝕洞SUP，讓您活動中充滿歡笑、帶著滿滿回憶返家。
來宜蘭玩怎能錯過美麗的山海一景，快來報名體驗看看吧！
費用包含
【SUP】
1.SUP體驗與教學課程(教練學員板比例為1:6，體驗板數6張板子配1位教練)
2.全套SUP裝備使用（SUP板、槳、每人一件救生衣、溯溪鞋、一板一個防水背包《無手機防水袋》）
3.搭配動力小船半動力來回
4.教練隨隊伴航/戒護、行程解說導覽
5.航程中跟拍紀念照片提供(非空拍)
6.活動保險
7.結束後熱水盥洗
【露營】
露營裝備：帳篷、充氣睡墊、睡袋、露營燈、電風扇
盥洗室、衛生間、插座、吹風機、公用冰箱
【餐食】
晚餐(戶外烤肉餐)
***不提供早餐，素食者請於報名活動時主動告知!
預約限制
購票時請務必填寫欲參加活動的日期以及場次，以利安排體驗
付款後請留意信箱/手機訊息，我們會傳送活動資訊與行前通知給您
至少需要3個工作天前預訂。請以露營日期進行預約報名。
滿四人即開團，歡迎四人以上團體報名。未滿四人，歡迎聯絡我們，小編會協助湊團哦!人數上限40人，建議提早報名。
活動時間
SUP體驗約4小時，受團隊操作、參加人數、天氣狀況等因素影響。
活動時段
14:00 集合
享用晚餐、露營，並參加隔日SUP04:00拂曉場次，約08:00結束活動
★提醒：報名的活動日期即為露營集合日期，SUP活動為報名日的隔一天進行
★提醒：拂曉團指活動時段，並非在海上觀賞日出!實際下水時間受團隊操作、參加人數、天氣狀況等因素影響。活動並不保證能在海上觀賞日出喔!
活動日期
夏季限定，每年6月-8月，夏季每日開放。
集合地點
東澳海安二號店 宜蘭縣蘇澳鎮東澳路121巷2號
建議自行開車前往集合地點，或搭乘火車至東澳火車站並預約短程接駁服務。
保險政策
投保公共意外責任險、旅平險
須提供
顧客資訊
【代表人須提供】 姓名、手機號碼、email
【所有參加者須提供】 姓名、西元出生年月日、身分證字號
※外國籍：護照英文名、出生年月日、護照號碼、性別、國籍
退改政策
主辦單位取消政策：
(1)中央氣象局發布海上颱風警報，將取消行程並退回已付金額的 87%。
(2)中央氣象局發布大浪預告，將於24小時內公告取消行程並退回已付金額的 87%。
(3)天氣預報不錯，但當天現場的水況卻明顯不宜下水，則活動取消，扣除保險行政費用後退回已付金額的 87%。
(4)出航後中途海況變差，為安全故而更改或中止航程航程，恕無法退費。
消費者退改政策：
(1)出發日15日以上(不含出發日)通知取消，將只退回已付金額的 87%。
(2)出發日前14日至當日內不接受取消改期，並不予退回款項。
更換參加者務必於活動前一日的中午前通知，並備好新參加者的保險資料。
因個人因素需要更改活動梯次(日期場次)，限改一次，並請提早告知（活動日前3天恕不再接受臨時更換梯次之要求）。更改梯次後不接受改期、取消，並不予退回款項。
注意事項
1.活動限制：
(1)10足歲以上65歲(含)以下者方可報名參加
(2)SUP體驗需耗費較多體力，請務必再三審慎評估自身能力；懷孕、膝蓋受傷或體力不佳的旅客不宜參加此活動
2.台灣籍旅客請隨身攜帶身分證或健保卡、外籍旅客請隨身攜帶護照，以便參與海域活動。
3.船上請勿吸煙及嚼食檳榔、不得攜帶危險物品、易燃物品、發出惡臭之物品、不可從事危險行動；基於保障航行安全與其他乘客權益，請聽從教練指揮。
4.行程中均有專業教練隨隊伴航。教練學員板比例為1:6，體驗板數6張板子配1位教練。活動中請配合團體行動，任意脫隊或不聽勸告而發生意外，恕無法負責。
5.隊伍以團進團出為原則，一旦教練與團員已離岸，將無法讓遲到者另行下水出航(亦無法退費)，請特別注意勿遲到，以免影響自己的權益。
6.水上活動易受天候影響，實際出航時，領隊可能會依風向水文的條件改變而修改行程、天氣狀況變糟時甚或可能中途就取消航程。無法接受行程可能因故改變者請勿參加。本活動為確保安全順利進行，一律團進團出並聽從領隊教練指示，自行脫隊或不聽勸告而發生意外恕無法負責!
7.若您怕暈船，請自備暈船藥提前服用。航行前一天請勿熬夜，保持良好的精神狀態、愉悅輕鬆的心情，即可減低暈船的可能。
8.活動照片、影片皆會上傳至粉絲頁社團供大家分享下載或作行銷曝光使用，若不願公開請另行告知教練。
9.為避免影響其他旅客的權益，晚上十點後為管制時段，請勿大聲喧嘩。
常見QA 
1.如果天氣不好，何時會通知取消？
大雨、大浪、落雷、海上颱風警報，活動取消；小雨、毛雨，活動照常舉行。
關於活動如果遇到氣候不良何時前會通知取消，我們這邊的回答是，會盡量提早通知，也有可能會當天才現場觀測進行取消！
2.不會游泳可以參加嗎?
不會游泳也可以報名，下水前會配發每人一件救生衣，妥善穿戴。萬一落水時，其浮力足以讓你肩部以上浮出水面。
3.報名最後期限是何時截止?
只要該場次還有名額，活動日前一天仍歡迎報名。
4.可以攜帶寵物嗎?
若要帶寵物上船，報名時請務必事先告知會攜帶寵物，並請自行準備寵物用救生衣。開放水域狀況多變，恕我們對寵物的安全沒辦法保證，保險理賠範圍僅限於活動之人員有效，若您要帶寵物參加活動，請自負責任。",,https://www.accupass.com/event/2504210911451706942995?utm_source=web&utm_medium=search_result_&utm_campaign=accu_e_,
宜蘭城東小旅行,https://static.accupass.com/eventbanner/2502110358461593823580.jpg,"2025.05.08 (Thu) 09:00 - 06.18 (Wed) 13:30 (GMT+8)
Add To Calendar",台灣宜蘭縣宜蘭市光復路1號,,," 穿越時空，重返蘭城：宜蘭文史巡禮【城東篇】
集合時間：2025年6月18日（周三）上午10：30
集合地點：宜蘭火車站大廳（服務站前）
活動性質：專人導覽解說，付費行程
活動流程：
第一站：宜蘭火車站
活動內容： 在宜蘭火車站集合，首先映入眼簾的是充滿歷史感的舊米穀檢查所，感受日治時期台灣的糧食運輸景象。
活動亮點： 了解舊米穀檢查所的歷史背景，想像當時的繁忙景象。
第二站：宜蘭中山公園
活動內容： 步行至宜蘭中山公園，早期也稱為三角公園，園內有著名的獻馘碑，當地人亦直接用「獻馘碑」來稱呼該公園。設立於台灣日本時代的1909年。
活動亮點： 介紹獻馘碑的背後故事，了解其在宜蘭歷史上的地位。
第三站：宜蘭美術館
活動內容： 前往宜蘭美術館，欣賞藝術作品，感受宜蘭的藝術氣息。
活動亮點： 參觀美術館的展覽，與藝術作品互動，提升藝術鑑賞能力。
第四站：林氏家廟追遠堂
活動內容： 參觀林氏家廟追遠堂，了解宜蘭的宗族文化。
活動亮點： 欣賞林氏家廟的建築特色，了解林氏家族在宜蘭的歷史。
第五站：護城河、化龍一村
活動內容： 沿著宜蘭舊城的護城河散步，感受宜蘭的歷史氛圍，並探訪充滿懷舊氣息的化龍一村。
活動亮點： 了解護城河的歷史功能，感受化龍一村的寧靜與美好。
第六站：宜蘭城隍廟、宜蘭昭應宮
活動內容： 參拜宜蘭城隍廟和宜蘭昭應宮，感受宜蘭的宗教文化。
活動亮點： 了解城隍爺和媽祖的傳說故事，欣賞廟宇的建築之美。
第七站：信標商行
活動內容： 參觀信標商行，感受宜蘭的商業歷史。
活動亮點： 了解信標商行的歷史故事，感受宜蘭的商業發展歷程。
第八站：宜蘭戲院（荒廢中）
活動內容： 參觀宜蘭戲院的舊址，感受宜蘭的娛樂歷史。
活動亮點： 了解宜蘭戲院的興衰，想像昔日的繁華景象。
第九站：賣捌所
活動內容： 參觀賣捌所，感受宜蘭的日治時期建築風格。
活動亮點： 了解賣捌所的歷史用途，欣賞其特殊的建築設計。
第十站：宜蘭火車站
活動內容： 返回宜蘭火車站，結束愉快的文史小旅行。
活動亮點： 回顧一天的行程，分享彼此的感受與心得。
注意事項：
交通： 建議步行，方便遊覽各景點。
穿著： 請穿著舒適的衣鞋，以便長時間行走。
飲食： 建議自備飲水及點心，或在途中品嚐宜蘭在地美食。
安全： 請注意交通安全，並遵守各景點的參觀規定。
活動報名：
報名方式： 線上報名。
報名費用： 付費。
備註：
本行程可依個人喜好及時間調整。
建議事先查詢各景點的開放時間及相關資訊。",,https://www.accupass.com/event/2505081057446411120590?utm_source=web&utm_medium=search_result_&utm_campaign=accu_e_,
2025 6月13日-6月15日 海放露營戀愛聯誼企劃- <<慶祝粉絲破萬！限定優惠！>>第28屆,https://static.accupass.com/eventbanner/2505130700083176346210.jpg,"2025.06.13 (Fri) 20:00 - 06.15 (Sun) 12:00 (GMT+8)
Add To Calendar",台灣花蓮縣977004豐濱鄉永豐路11-5號,,,"【活動前言】

     18歲很好 28歲也不錯 38歲可能會更好  只要皺紋不長在心裡 不管男女我們永遠花樣年華!成人的世界裡，雖然有交友軟體，還有相親大會，但我們這裡是太平洋海景第一的露營聯誼，應該也該嘗試看看吧！我們總共辦了兩場海放計畫 ,竟然比電視上劇情還精采,超乎我們想像!

     願在都市的你妳,都可以一起拋開世俗,一起體驗最原始的生活,讓回鄉情年的我們一起來露營，一起煮飯，一起生火，一起體驗當下，一起面對面的認識來自不同背景的朋友，讓海放你給你們牽起一條姻緣線，讓往後的未來，你們有伴，可以一起相知、相遇、相惜。

#讓我們一起保持善良擁抱幸福
#海放計畫戀愛巴士暖心加場準備出發
#有男友#有女友#禁止參加
#沒男友的#沒女友的#直接報名
****此次報名人數40人為上限****


【報名條件限制注意!注意!注意! 注意!注意!注意!】
1.年齡限制24-36y
2.BMI: 18.5<=BMI < =  27
3.異性戀
4.婚姻狀況: 申請者必須未婚

(如小於24歲,也想參加歡迎填寫報名表,我們會再通知是否有報名成功)

此限訂優惠場次須完成任務才可享優惠NT5500NET
1.參加『前』IG動態分享此篇文章(公開)
標記＠海放你基地 ＠海放計畫  @5位單身朋友

2.參加『後』一週內發一篇推廣文章(公開)
標記＠海放你基地 ＠海放計畫
即可享有此聯誼優惠場次

【露營區介紹】
      海放你基地，在花蓮豐濱鄉, 離光復火車站計程車車程30分鐘左右營區為「免裝備的懶人露營區」，不是「奢華露營區」。我們就是提供一個小場地，讓大家來體驗『露營野炊的樂趣』，還有聽聽『原住民青年返鄉的小故事』以及『小小體驗原住民文化』的一個基地。並不完美，卻也蘊含了，我們最初的理念及慢慢發展出來的故事。

我們帳篷是海景第一排，但裡面真的沒冷氣！沒冷氣！只有電風扇。沒錯，夏日白天很熱，但晚上天氣也很涼，海風吹起來很舒服，一定可以睡得著。但是！！早上，日出六點以後，你就會感受到，東部太陽公公的熱情，把你叫醒！＃春夏之際請準備好，很早就會被熱的心情來，真的是來體驗露營的喔！但是也真的是來聯誼的喔:)

浴室室有4間,但其中2間也是坐式廁所，都在“戶外”，吹頭髮也在戶外，浴室不多+廁所不多+時間不多＃因為浴室廁所區旁就是鄰居家，洗澡時間限06:00am-23:00pm,再麻煩大家!
#第一天比較晚抵達，還可以安靜的洗澡別擔心~

請注意!!我們是來露營+聯誼,一定會有不同的天氣因素已及大自然因素,請大家都知悉能接受以後再報名喔!
#風很大因為在海邊，雨很大因為東北季風，蟲很多因為等等之類的

非常歡迎大家來到花蓮豐濱 一起聯誼交朋友喔:)



【海放計畫-露營聯誼-時程表】

6/13週五
08:40 自行前往
11:49 抵達光復火車站
13:00 抵達露營區報到 (大約30-40分鐘) 吃午餐便當
14:00 活動正式開始  
14:30 初次自我介紹
15:00 破冰遊戲+盲選時間
16:00 猜猜看時間: 年紀公開賽
17:00 1-1 指定聊天五分鐘
18:30 晚餐火鍋時間
21:00 自由時間

6/14週六
08:30 早餐時間：早餐時間
09:00 小小自我介紹
09:30 職業益智遊戲時光
11:00 開始煮午餐料理
14:00 遊戲時間：猜歌遊戲
14:30 聊天時間：圈圈選擇聊天時間
16:30 1-1 30秒聊天時間
17:30 1-1 指定聊天時間
18:30 晚餐烤肉時間
19:30 營火晚會時間
21:00主辦1-1聊天時間（錄影）
23:00 結束

6/15周日
7:30 早安! 享用海放早餐
08:30 最終大配對+團體大合照  
09:30 出發瑞穗秀姑巒溪泛舟起點
11:00 開始泛舟
18:00 抵達瑞穗火車站！活動結束
手拉手一起回家~~

#海放活動合照和片段



 【活動地點和活動價】
海放你基地 X 海放計畫-第28屆
地點: 花蓮豐濱海放你基地Have Funny Base
日期 : 2025/6/13- 2025/6/15

方案一總費用: 5,500/人
方案二總費用: 6,599/人

**大家週五下班~後,一起出發來聯誼啦!!!!


【注意事項】
1.為了房客隱私與寧靜，謝絕一切訪客，僅接受預約，不開放現場參觀。
2.如使用不當造成物品、設施、備品損壞或遺失，海放你基地有權向您索賠或報警。
3.嚴禁煙火和危險物品 。
4.請幫我們愛惜營區內設施與隨手清潔垃圾 。
5.10:30以後，請真的一定要降低音量，幫幫營主敦親睦鄰，不然警察真的會來
6.禁止高瓦數的任何電器，因帳篷內部電壓較小，如需插吹風機/離子夾請至廁所區插座使用
7.營地，帳棚，廁所內全面禁菸,如需抽菸,請至吸菸區
8.因為隔壁就是鄰居家，洗澡時間限06:00am-23:00pm，希望大家都能準守規定，感謝
9.海放你基地保有解釋更改權利

【取消政策】
因為客製化活動企劃,請參閱以下取消政策,不適用觀光局定型化契約取消政策
離入住日期14天前(含)取消 , 申請退費, 將從訂金中扣除200元手續費,  剩餘訂金將退還
離入住日期10-13天前取消 退還訂金50%
離入住日期7-9天前取消 退還訂金 20%
離入住日期7天內無法取消  退還訂金0%

希望大家都確認好以後再報名 ，我們會非常感恩，退費後的將不再接受報名，我們都希望您若真的臨時無法來參加,歡迎私訊換場次。填寫完此報名表，代表同意以上取消規定，海放你基地保有最終解釋權利，感恩的心。

      在 Instagram 查看這則貼文
           海放計畫Have Funny Plan（@havefunnyplan）分享的貼文",,https://www.accupass.com/event/2505130513061139032820?utm_source=web&utm_medium=search_result_&utm_campaign=accu_e_,
社子島濕地解說小築｜6月份環境講座-社子島自然史,https://static.accupass.com/eventbanner/2505270514331457525951.jpg,"2025.06.15 (Sun) 10:00 - 12:00 (GMT+8)
Add To Calendar",台灣台北市社子島濕地解說小築,官方粉絲團,https://www.facebook.com/TaipeiHEO,"社子島濕地解說小築 ｜6月份環境講座【社子島自然史-世居社子島生態專家看生態演化自然史】
你曾到過社子島濕地解說小築嗎?是否曾在那幅畫前駐足?
蠻湮台北 壓克力彩 240 x 110 cm  陳一銘
台北是一個歷經巨變的盆地，曾經是滄海、湖泊、沼澤、森林、農田，最終而成為物質文明的水泥城堡。若不是像我一樣，曾經經歷過早年台北農村生活之人，必定很難想像這裡原本是一個生態豐盛之地。
這張圖在我的想像中時間回溯了600年，那是漢人尚未進入盆地，洪水與巴賽族主宰一切的蠻湮時代。畫面中大屯連峰山形依然，但牛背鷺陪伴的不是水牛，而是成群在淺水處覓食的梅花鹿。濕地裡有水獺出沒，已滅絕的藍睡蓮盛開著。像石龍尾、芡、葦草蘭這些在今天已被逐出台北盆地生態版圖的物種，也都回到了畫面之中

陳一銘老師，是為世居社子島生態專家，其「蠻湮臺北」畫作，臺北是一個歷經巨變的盆地，曾經是滄海、湖泊、沼澤、森林、農田，最終而成為物質文明的水泥城堡。
本次環境講座邀請到世居社子島的生態專家兼藝術家的陳一銘老師，分享他長期在地的自然觀察，和大家聊聊生態與自然演化的故事。
🌈 講座資訊
講師：陳一銘
日期：2025年06月15日（日）
時間：10:00-12:00
地點：社子島濕地解說小築（Google地圖：https://reurl.cc/2bLN4m）
費用：免費
參加對象：一般大眾，對社子島生態藝術有興趣者。
人數上限：
現場｜一般民眾：20人
現場｜志工夥伴：10人
主辦單位：臺北市政府工務局水利工程處
承辦單位：羽林生態股份有限公司
🌈 交通
可至捷運唭哩岸站換騎YouBike 2.0前往( 社子島濕地小築有YouBike 2.0停靠站，建議先用YouBike 2.0的APP查詢車位)。
可至捷運唭哩岸站搭乘計程車前往 ( 社子大橋右轉約3分鐘可抵達 )。
自行開車、機車前往，附近路旁都可停車；或社子大橋下籃球場停車場( https://reurl.cc/kdKW6G )再步行約5-10分鐘。
 👋 注意事項
活動前三日將寄發行前通知至您的email信箱。
如有疑問，請於上班時間（10:00-16:00）電洽02-77516513#306 或email：heovolunteer@gmail.com與工作人員聯絡。
活動皆為有限資源，請確認活動時間後再報名，若無故缺席者將列入黑名單。
 ",陳一銘,https://www.accupass.com/event/2505200521551378936472?utm_source=web&utm_medium=search_result_&utm_campaign=accu_e_,
珊瑚移植工作坊,https://static.accupass.com/eventbanner/2505290330321903745470.jpg,"2025.06.21 (Sat) 10:30 - 16:00 (GMT+8)
Add To Calendar",台灣新北市貢寮區福連里香蘭街34號,Instagram,https://www.instagram.com/coral_farming_lab_tw/,"活動資訊：
報名方式：網路報名
報名時間：114年6月2日（星期一）中午12時30分
活動時間：114年6月21日（星期六）
人員限制：需持有 advanced open water (含) 以上程度證照，且近半年內潛過30支氣瓶以上。需具備良好的中性浮力控制能力、基本水中作業應變能力以及實際水中導航與操作器具能力者優先
名額：25名，額滿即止，不開放候補名單
地點：新北市海洋資源復育園區 (自行到場)
費用：完全免費
 活動流程：
10:00-10:30 報到、熟悉環境及分組(室內活動)
10:30-11:30 認識珊瑚與移植內容概述(室內活動)
11:30-12:20 種植珊瑚體驗(室內活動)
12:20-13:30 午餐與交流 (室內活動)
13:30-15:20 分組操作珊瑚移植使用之機具及珊瑚移植流程(戶外水下活動）
15:20-15:40 換裝及休息
15:40-16:00 活動問與答 (室內活動)
16:00             活動結束 
 活動裝備：
自備：面鏡＋呼吸管、套鞋、防寒衣(泳衣）、保暖衣物或毛巾（建議穿著長袖泳衣以防止刮傷）
主辦單位提供：氣瓶1支、BCD、調節器及配重
 活動注意事項：
在ACCUPASS 報名完後，需填寫此表單 https://forms.gle/7GmWwhoEzXe1cKKr8 才算報名成功，沒有填寫視同報名不成功，於114年6月3日（星期二）中午12時30分，釋出報名不成功的名額
不適合使用蛙鞋，請自備套鞋
活動場地無更衣盥洗室，僅提供自來水（冷水）沖洗與廁所更衣，請自備保暖衣物或毛巾
主辦單位保留活動梯次調整或取消之權利，以因應天候或其他不可抗拒因素
請攜帶環保餐具、水壺，活動將提供便當及飲水機
 活動聯絡方式：
國立臺灣海洋大學 海洋環境與生態研究所 識名信也實驗室
電話：(02)2462-2192 分機 5718
週一至週五 早上10:00-18:00 歡迎來電洽詢",,https://www.accupass.com/event/2505290333351879137119?utm_source=web&utm_medium=search_result_&utm_campaign=accu_e_,
北投小旅行｜百年車站×溫泉巡禮×歷史古蹟,https://static.accupass.com/eventbanner/2503241148055963348650.jpg,"2025.09.27 (Sat) 10:00 - 12:00 (GMT+8)
Add To Calendar",台灣台北市北投區中山路二號,美遊記網站,https://tora1612.mystrikingly.com/,"👉活動理念：
一趟結合溫泉香氣與歷史故事的山城慢步旅
走入北投，不只是進入一個地名，而是走進一段專屬於台灣的「泡湯與文化」記憶。這裡有煙霧繚繞的湯泉、有古意盎然的老車站，還有日治時期留下的優雅建築與故事。
📍新北投車站
從百年歷史的「新北投車站」啟程，感受這座古老車站的獨特魅力，仿佛聽見過去的列車聲與旅人的足跡，帶你穿越時光的隧道。
🍃北投公園
接著來到綠意盎然的「北投公園」，放慢腳步，在大自然的懷抱中釋放壓力，享受難得的寧靜與清新。
🏺北投溫泉博物館
走訪充滿溫泉歷史的「北投溫泉博物館」，在這裡，過去的繁華與現在的恬靜交織成一幅美麗的畫卷，讓你一窺溫泉文化的源頭。
🔥地熱谷
隨後我們來到「地熱谷」，放眼望去，熱氣騰騰的景象彷彿帶你來到不同世界。
⛩️普濟寺
再踏進「普濟寺」，體驗這座古老廟宇中的信仰與平靜。靜靜地感受寺廟所散發的神聖氛圍，祈求一份內心的安寧。
這不只是一場旅行，更是一次心靈與身體的全面放鬆。在歷史的光影中，與大自然的溫暖擁抱中，享受北投的獨特魅力。
「城市」像是一本攤在大地上的圖書，「旅行」則是閱讀它的最好方式。
📣美遊記全系列活動：【城市小旅行、步道小旅行】
👉活動規劃：
📅活動時間：2025年09月27日(六)上午10:00-12:00
🚩集合地點：捷運新北投站1號出口外面（旅遊服務中心）
🚶‍♂️ 路線安排：捷運新北投站(集合)→新北投車站→北投公園→北投圖書館→北投溫泉博物館→地熱谷→普濟寺→瀧乃湯→天狗庵遺址（賦歸） 
📢主辦單位：美遊記（薪展新創文化）
📢協辦單位：鴻運旅行社-范靜宜（品保編號：北0017／交觀甲0464）
📢活動費用：定價750元（優惠價格部分適用範圍說明如下）
✔敬老優惠價450元：適用範圍－年滿65歲之長者報名並完成繳費
✔學生優惠價500元：適用範圍－滿12歲以上學生報名並完成繳費
✔團體優惠價550元：適用範圍－單次報名至少2人以上並完成繳費
✔限時優惠價600元：適用範圍－活動截止日前7日報名並完成繳費
📢費用包含：講師費、保險
📢參加小禮：報名並完成繳費，出席活動當天即贈送精美小禮物
📢加碼贈送：參加滿五場不同活動，我們邀你免費參加一場活動，詳細辦法請參閱「滿五送一」粉絲專屬加碼活動
📢導覽方式：為友善環境減少噪音，一律使用line會議室無線導覽，請所有貴賓務必自備手機、耳機（適用自己手機）、LINE APP和網路，活動當天提供QR Code掃描加入 
👉活動亮點：
✅城市深度漫遊：用緩慢的步伐走入街頭巷尾，深入發掘城市的文化魅力。
✅專業講師解說：專業講師團隊用生動的敘述，帶您深刻理解城市的靈魂。
✅獨特拍攝景點：挖掘隱藏的視角與拍攝熱點，記錄城市最動人的一面。
✅心靈休憩時光：遠離繁忙生活，透過旅行找到內心的平靜與力量。
✅迷你小團享受：只要滿六個人即可出團，充分享受旅遊的輕鬆自在。
💡推薦對象：
✅ 文青旅人｜喜歡拍建築、寫日記、拍氛圍
✅ 溫泉控｜療癒之旅必訪地點
✅ 親子出遊｜輕鬆步行、寓教於樂
✅ 老建築迷｜從日式建築到地熱景觀都讓人著迷
👉景點探索：
📢【新北投車站】「新北投」地名的由來，是在1916年（日治時期）時為了發展溫泉觀光產業，讓前往北投溫泉區的旅客更為便利，才興建新北投支線，並且設立新北投乘降場（招呼站），之後由於旅客不斷增加，新北投乘降場又升等為新北投驛，「新北投」的地名因此而生，所以「新北投車站」為北淡線甚至是臺北市僅存的百年車站。
一進入七星公園的範圍，立刻被周遭的微妙變化所感染，「鐵道」、「月台」、「車廂」和「車站」就好像四根魔法基石，為這裡注入一股愉悅的氛圍，歡樂和溫馨遍佈整個場域，或是緩步慢行，或是坐談心事，不論所做為何，象徵幸福的嘴角都掛在每個人的臉上，光是走在這裡，心情就能馬上變好，轉化之快，讓人不得不心生訝異。
安安靜靜地停在鐵道上的火車，「藍色」是它的外觀，「35TP32873」是它的編號，當初馳騁於新北投和臺北之間，是台鐵在1969年由日本引進的首批雙扇自動門客車，服務往來通勤的上班族群與學生族群，功成身退之後，目前座落於北投區七星街1號，延續著以往的風采，過去它載運乘客，現在它載運回憶。
📢【北投溫泉博物館】建於日治時期的「北投公共浴場」，是由建築設計師森山松之助監造，他有許多的作品至今仍然保留著：台灣總督府（今總統府／國定級古蹟)、台北州廳(今監察院／國定級古蹟)、台中州廳(今台中市政府／歷史建築)等，目前都已經是台灣重要的文化資產。當時就享有盛名的溫泉公共浴場，為和洋折衷風格的雙層建築，一樓浴池區為磚造，二樓休憩區為木造，紅色磚牆搭配周遭綠色林木，除了可以讓人放鬆之外，也多了一份親切感。
大浴池是整棟建築物最重要的空間，也是公共浴場的精神所在，羅馬拱柱環繞浴池的風格，陽光透射的彩色玻璃，將這裡打造成浪漫色彩的異國風情，很難想像當時這裡只能讓人站著泡，而且全部都是男生。
📢【瀧乃湯】在溫泉旅館比鄰而立的新北投，「瀧乃湯」是相當獨樹一格的，與現代化建築相較下，這裡多了一份原始與自然，時間彷彿不存在般，不論是在視覺還是嗅覺上，都還能感受到當時的氛圍，豎立「皇太子殿下御渡涉記念碑」的庭院區，讓泡湯成為一種簡單但美好的享受。這裡的泉質是青磺泉，因為含有珍貴的微量元素「鐳」，長年累月釋放於溫泉之中，對於養生有一定的作用，全世界只有台灣北投與日本玉川才有，可是非常的珍貴。
📣【普濟寺】與同為臺北市市定古蹟的臨濟護國禪寺都是臨濟宗妙心寺派在臺北的布教據點。1934年重建時，由於其信眾多為臺灣總督府交通局鐵道部員工，因此以鐵道部運輸課長村上彰一之諡號「鐵真」命名為「鐵真院」，並在寺中設立「村上彰一翁碑」。1998年正式列名為市定古蹟，環境充滿寧靜、安適的氣息。

🔎繼續閱讀全文：台北北投》浴罷恍若肌骨換｜走訪傳說中女巫
🔎繼續閱讀全文：台北北投》載運甜蜜回憶、前往幸福時光的新北投車站
🔎延伸閱讀景點：台北北投》每當芬芳乍吐花海湧現時｜北投社三層崎公園
📝報名須知：
✅ 本次活動會投保，請於報名表單中確實填寫以下保險資料：
「真實中文姓名」、「出生日期」、「身分證字號」
如有略過或填寫不完整者，將視為自動放棄保險資格。
✅ 請填寫正確中文姓名、聯絡電話與電子郵件，以利活動通知及資訊寄送。
✅ 若報名費用不符、或喪失優惠資格，需於活動前補足差額，否則主辦單位有權取消報名。
✅ 僅有「填寫完整資料 + 完成繳費」後，方視為報名成功。
✅ 報名即表示您已詳讀並同意本《報名須知》與《注意事項》。
✅ 報名成功後如需更改場次，可選擇：延期至下一梯次／同等費用場次（限用一次）或是轉讓他人使用（需於活動日前3日來信通知）主辦單位將協助更換保險資料。
✅ 若需退票，將由 Accupass 協助處理，並依其退票政策辦理：退票需於活動開始日前 8日內申請／將酌收 票價10%退票手續費／逾期恕不受理
⚠️注意事項：
🔸 若遇天災、極端天候等不可抗力因素，主辦單位將依安全考量，主動延期或取消活動，並另行通知。
🔸 活動現場所拍攝之錄影、照片等素材為主辦單位所有，可用於活動紀錄、行銷與媒體發布。如不同意，請於活動前主動告知，已發布者可申請撤除。
🔸 主辦單位保留修改、暫停或取消活動內容之權利，相關更新將公告於官方平台，恕不另行個別通知。
🔸 未報到／中途脫隊／擅自離隊者，視同自願放棄參與權益。
🔸 請依自身狀況準備合適裝備，建議攜帶：防曬／防寒／防蚊用品、雨具、個人藥品、水瓶、支撐手杖等。
🔸 請依報到時間準時抵達集合地點，以維護活動品質及自身權益。
🔸 活動行程會依現場情況與導覽進度彈性調整。
🔸 活動使用 LINE會議室導覽方式：
請務必自備： 手機｜ 耳機｜ 網路｜ 安裝 LINE App｜當天將提供 QR Code 進行掃描加入。
🔸 本活動將開立 紙本發票，於活動當日提供。
如需郵寄發票，需自付郵資。欲開立統編者，請於報名時填寫完整資訊。
🔸 成團人數為6人，如人數不足，主辦單位有權決定是否延期或取消出團。
🔸 如需包團或客製化活動（專屬日期、路線、人數），歡迎來信洽詢，將有專人協助安排！
✨關於美遊記
美遊記成立於 2020 年，堅信旅行應蘊含體驗、探索與理想的實踐。我們用雙腳感受世界，用文字記錄感動，分享每一段觸動人心的風景與故事。現為「時刻旅行」專欄作者、「輕旅行」駐站玩家、「媽媽寶寶」王牌名人、以及「PeoPo公民新聞」的公民記者；文章亦見於「Yahoo新聞」、「女子漾」、「微笑台灣」等平台。
我們相信，最動人的風景，是在走過的那一刻，與心相遇。
📧聯絡資訊：
請於週一～週五上班時間（10:00~17:00），透過電話 0927-357-017 或 透過信件 rodney.xinzhan@gmail.com 聯絡孫仁明先生，謝謝您。",鄧純美,https://www.accupass.com/event/2505241601411659127200?utm_source=web&utm_medium=search_result_&utm_campaign=accu_e_,
2025澎湖四季旅遊《春季-跳島賞鷗行》,https://static.accupass.com/eventbanner/2504230651422456332750.jpg,"2025.05.23 (Fri) 08:30 - 07.11 (Fri) 16:10 (GMT+8)
Add To Calendar",台灣澎湖縣馬公市新營路25號,四季旅遊官網,https://www.penghu-nsa.gov.tw/Activities/PenghuFourSeasons/News.htm,"                          2025澎湖四季旅遊 《春季-跳島賞鷗行》
|活動時間| 2025年5月-7月 
|主辦單位| 交通部觀光署澎湖國家風景區管理處
|遊程特色| 跳島賞鷗體驗、秘境打卡景點、專業導覽
|聯絡窗口| 2025澎湖四季旅遊小組
電話： 02-87939257  
連絡時間：請於上班時間 週一至週五 上午10:00至下午18:00
 《春季賞鷗》「南海 跳島賞鷗遊程」一日遊
 -活動日期：5/23(五)、5/30 (五)、6/6(五)、6/13(五)共計4梯次
 -專案推廣：$850元  (含搭船一日來回、午餐、全程專業導覽解說及保險)
  * 40人成團，如無成團至少出團前七天通知
 《春季賞鷗》「東、北海 跳島賞鷗遊程」一日遊
-活動日期：6/20(五)、6/27(五)、7/4(五)、7/11(五) 共計4梯次
-專案推廣：$850元  (市價2000元)
(含搭船一日來回費、午餐、吉貝島摩托車兩人一台、全程專業導覽解說及保險)
  * 40人成團，如無成團至少出團前七天通知
 【好康大放送】
🌟活動一🌟參加遊程打卡送好禮
凡報名【春賞鷗】遊程旅客
步驟一：追蹤「澎湖國家風景區管理處粉絲團臉書」，按讚分享指定貼文至個人臉書，並設定公開。
步驟二：上傳遊程當日體驗內容至個人臉書，並且hashtag ＃澎湖四季旅遊  #出團日期 #春賞鷗，將此篇貼文設定公開。
步驟三：於當日遊程結束時出示給工作人員確認，即可獲得精美「春季紀念襪」乙雙，每人限領一次。
 🌟活動二🌟邀請好友來按讚
凡報名參加【春賞鷗】遊程遊客，需參加前項遊程打卡活動，邀請好友來按讚，於社群平台獲得分享及按讚數最多的人，每梯次頒發５名民眾，每個帳號可獲得限定版紀念帽，每人限領一次。
 🌟活動三🌟 四季遊程加碼活動
凡參加【2025澎湖四季旅遊】任兩季遊程(不包含乞龜專車活動)，即可獲得「多功能郵差包」乙個！
★報名請點選   https://forms.gle/piN6X3hrFMyWBNPg9
【報名須知】:
1.為共同發展澎湖海洋生態永續與綠色旅行，凡報名參與四季遊程遊客，需先完成「澎湖海洋生態保護宣言 電子簽署」，提升遊客或學員對於環境產生認同感，透過宣言簽署展現其願意共同守護澎湖海洋生態的決心，讓旅行成為改變的力量。
2.提倡永續旅遊、環境保護及防疫措施，建議參與遊客自行攜帶餐筷及水壺等。",,https://www.accupass.com/event/2504230655231378950500?utm_source=web&utm_medium=search_result_&utm_campaign=accu_e_,
2025 7/5-7/19高中職及大專生農STAY體驗,https://static.accupass.com/eventbanner/2505160807231303650630.jpg,"2025.07.05 (Sat) 11:00 - 07.19 (Sat) 15:00 (GMT+8)
Add To Calendar",台灣桃園市大溪區20之3號、高雄市永安區永達路72-2號、彰化縣北斗鎮興農路一段426巷77號,,,"梯次介紹
第一梯次《香氣漫步與草有約》
時間：7/5(六)-7/7(一)
對象：全國各公私立高中及高職生
地點：桃園市 大溪區 《香草野園》
介紹：「香草野園」主要種植櫛瓜、韭菜與香草作物，農場外觀低調不起眼，卻是許多星級餐廳主廚指定合作的食材產地。創立有機農場以來，培育的香草、食用花卉、蔬果等作物，期待從自身種植有機韭菜做起，透過分享種植技術協助在地轉型，進而帶動當地走向有機專業韭菜生產區。
 第二梯次《一日班長・浪田裡的日光課》
時間：7/9(三)-7/11(五)
對象：全國各公私立高中及高職生
地點：高雄市 永安區 《蘇班長安心漁場》
介紹：高雄永安新港社區是臺灣重要的石斑魚養殖區，故稱為「石斑魚的故鄉」，透過地方改造翻轉一般對漁村的印象，成功轉型成觀光漁村，堅持不使用地下水，靠冷排水循環利用，雙重過濾與電解滅菌，保證純淨又環保，也成了在地知名的石斑魚觀光漁場。
 第三梯次《寶斗田野聚起來-小鎮遊·超玩味》
時間：7/17(四)-7/19(六)
對象：全國各公私立大學及大專在學學生
地點：彰化縣 北斗鎮 《田野勤學》
介紹：專注於推動台灣國產大豆以及友善耕作，讓消費者能夠安心享用純粹大豆的美好。學習與自然相處、與土地共生、與環境共好，一顆黃豆翻滾出科普與食農課題，開啟一趟意外旅程。
 參與學員依資格擇一場域進行三天二夜農STAY體驗，活動全程免費
❗️需自行以適當交通工具至本活動指定地點集合
在體驗期間分組完成體驗場域給予的任務，並於最後一日分享服務成果喔！
報名對象
🟢全國各公私立高中及高職生（每一參與學生依志願選填，應屆畢業生可）；優先錄取以高中職老師帶隊之團體報名組（以3～4人為一組，一組限高中職老師一名)，亦接受個人報名。每一梯次總人數預計20位。
🟢全國各公私立大學及大專在學學生，且年齡不得超過30歲（含），僅接受個人報名，僅可參與「彰化縣北斗鎮田野勤學」，本梯次無團體及師長之名額，該梯次總人數預計20位
 🔴高中組與大專組不可跨組參與，並不得重複報名。
 備註：建議以電腦進行報名作業，方便上傳資料，系統須綁定line帳號，相關問題請洽窗口。
☎️活動窗口：致電「農STAY小組」張小姐 0933-216-285，或寄信dafang1816@gmail.com詢問。",,https://www.accupass.com/event/2505160819021950899500?utm_source=web&utm_medium=search_result_&utm_campaign=accu_e_,
我在尼泊爾的心靈成長之旅｜Jo是愛旅行,https://static.accupass.com/eventbanner/2503160443261608817993.jpg,"2025.05.25 (Sun) 00:00 - 06.08 (Sun) 23:55 (GMT+8)
Add To Calendar",台灣台中市南屯區大墩六街208號,Jo是愛旅行,https://joinmytravellife.com/,"Hello～我是 Joyce :)

2012年開始流浪世界，2020年疫情過後成為數位遊牧
旅行是我的工作，世界就是我的家
原以為這樣的夢想生活，會讓我過著幸福快樂的日子
沒想到，卻還是持續不斷經歷生活裡的各種低潮...
2023 年，一場緣分把我帶到尼泊爾，前後旅居近一年
這塊寶藏之地就像我的第二個家，總是有挖不完的寶藏
尼泊爾有的絕對不只是喜馬拉雅雪山和歷史古蹟建築
更是一種知足常樂的生活態度，和課本裡沒教的人生哲學
我不確定是尼泊爾改變了我，還是我蛻變的時候剛好在這裡
要說尼泊爾沒有缺點、無可挑剔嗎？絕對不是！
但完美從來不美，也不會是讓人愛上的原因
這是一塊一但踏上了就會讓人愛得無法自拔的土地
也是我找到內心平靜，與快樂人生的起點
邀請你來參加這場講座，從我的故事裡感受尼泊爾的魅力
 如果你是還不認識我的新朋友，也歡迎點選以下頁面了解更多唷
 ‣‣ Youtube   ►Jo是愛旅行
 ‣‣ Facebook ► Jo是愛旅行 Join My Travel Life
 ‣‣ Instagram ►@joy__ci
 ✨場次資訊
1. 台中場(⚠️已額滿)：5/25（日）13:00～15:00 
地點：台中市南屯區大墩六街208號（Smohouse思默好時B1 好事空間）

2. 台南場（⚠️已額滿）：6/1（日）13:00～15:00 
地點：台南市中西區民生路一段100號（Cogood Space 可庫美學共享空間）

3. 台北場(⚠️已額滿)：6/8（日）13:00～15:00 
地點：台北市大同區重慶北路二段70巷15號1樓（現流冊店）

‣‣ 關於活動有任何問題請來信 👉walkwalktogo@gmail.com
 ",Joyce,https://www.accupass.com/event/2503090641141409985704?utm_source=web&utm_medium=search_result_&utm_campaign=accu_e_,
