Link,Place,Title,Image,Date,Location,InfoLink,Member,Article
https://artemperor.tw/tidbits/18430,國際，日本,原顏藝術 UYart【Between Silence沉默之間】王佳彬日本首個展,https://d2onjhd726mt7c.cloudfront.net/images/datas/000/118/377/1mjvoy228pff8kgktp5yn89xfb6wsiwm_800x420^.jpg,2025-06-10 ~ 2025-06-15,日本大阪府岸和田市 ( 岸和田會所 ),https://www.facebook.com/uyart28,王佳彬,"藝術家王佳彬，世居台南市，從小即對繪畫狂熱，先後師事台南知名畫家曾培堯、許輝煌，隨即考進文化大學藝術研究所，進入理論探索，王佳彬表示。
有神秘的本質，是難以說明及分析，就像克立（klee）在現代的藝術中隱識是土壤，作品是樹葉，畫家則是樹幹般，是意念、情感的傳輸者言，他認為要依著感覺走。
從繪畫表現中的上班族系列，王佳彬從其創作中傳達後資本主義的現行社會職場態，及上班族內心矛盾和行政體系與個人意志的衝突，他用「心」表現在作品中剛烈意識有如立體派繪畫中的拙線淡面的俐落表達；自喻創作須「苦行」的藝術家王佳彬表示，惟有如此，才能像地質學那般學習地表形貌，更要參透地底的世界，從肌理作意象的表達、土地情感轉化思想，作為美的傳播者。
他的油畫作品，將傳達台灣土地的心聲，及土地行象的濃縮。
王佳彬藝術家專研西畫25年。除在國內獲經濟部暨所屬員工綜藝展西畫組銀、銅牌獎及苗栗美展西畫組銀牌獎外、也多次獲國際知名藝術獎，如2003、2004年及2007年入選法國藝術家沙龍入選、日本形象派第51回形展賞、29回國際公募國際藝術展特選賞、第7、18回國際公募未來展、第五屆環球國際藝術油畫貢獻獎金獎、中華藝苑精英金像獎。
也曾於孫逸仙紀念館等個展11次，國內外聯展100多次。國外展出地點有法國羅浮宮、日本東京新國美館、京都美術館展、名古屋美術館愛知縣美術館、中國廈門美術館及國美館等知名美術館展出，被譽為具有國際視野的藝術家。
本展覽內容以25年來國內外參展之得獎作品及創作歷程中各種風格的代表作，以抽象與半抽象為主要表現方式。題材豐富有現代社會上班族的鬱卒與焦慮之內心世界、現代文明符號、苗栗街景、繁花世界‧‧等具現代感。畫作有畫家特有的色彩鮮豔、豐富肌理及色調變化，值得藝術創
作者分享創作經驗及欣賞者之審美與心靈交流。
王佳彬藝術家曾入選法國藝術家沙龍、入選第七回國際公募未來展（日本京都美術日本形象派形象賞~銀牌獎）、會友推薦賞、新人賞，展出國家有日本、法國、韓國及澳洲。
心象系列是以抽象或半具象為主，是作者內在心靈世界的釋放與感性動能的宣洩，是畫家創作心靈的喘息。
【Between Silence沉默之間｜王佳彬日本首個展 】
Jarben Wang Solo Exhibition
2025.6/10 (Tue火)~6/15 (Sun日) pm13:00~18:00
展出地點 : 日本大阪府岸和田市 ( 岸和田會所 )
預約看展 : 歡迎加Line預約(ID: uyart588)"
https://artemperor.tw/tidbits/18369,台灣，新北市,現代畫廊【《弜限 IN｜FINITE》—瞿倩梅、施力仁聯展】形之極處，靈光乍現。,https://d2onjhd726mt7c.cloudfront.net/images/datas/000/118/131/syg1u6h93s9tltj8w21b5plbe4lth0pw_800x420^.jpg,2025-06-12 ~ 2025-08-29,新北市新店區中興路三段88號(宏達電總部大樓),https://www.smagtw.org/smagtw_2025HTC.html,瞿倩梅、施力仁,"形之極處，靈光乍現。
當藝術突破形式的邊界，便觸及永恆的彼岸。《IN｜FINITE 弜限》在物質與意識的交匯處，捕捉那超越時空的光輝。
瞿倩梅的創作源於對內在秩序的凝視。礦石經研磨，大漆隨時間沉澱、裂變，在畫布上生成自足的宇宙圖景。每一筆觸承載心念，每道裂痕記錄時光。那些看似偶然的物質流動，實則是內在世界的映照——礦粉沉澱如思緒累積，漆液流淌似情感波動。材質轉化為靈性的居所，抽象成為本質的表達。靜觀之時，遠古山水的迴響與宇宙韻律同在。
施力仁的雕塑创作跨越东西方的美学对话。以动物形象为媒介，在简练的造型中凝聚生命哲思。每件作品都是心象的投射，在金属的刚毅与陶瓷的温润间，找到东西方美学的共鸣点。每件作品都是心意的具現，承載文化記憶，傳遞生命歡欣。
兩位藝術家以不同方式，共同探索精神永駐的奧秘。瞿倩梅如隱士，在物質生滅中參悟永恆；施力仁似武士，在材質轉化中鑄就永恆。一者內觀自照，一者外顯其道。作品相互映照，如明月映清泉，共譜超越時空的靈性詩篇。
《IN｜FINITE 弜限》這一命題暗藏玄機。""｜""是界限亦是通道；""弜""是蓄力更是釋放。展覽構築的不僅是藝術空間，更是覺悟之境——在此，形質與心識的藩籬消弭，刹那與永恆的隔閡不再。
作品發出無聲的召喚。不求理解，但求共鳴；不囿定義，唯願銘記。當觀者放下執念，以心相印，便能照見穿透物質表像的靈光，在頓悟瞬間，體會那無始無終的永恆真意。藝術至高的使命，正是在有限中顯化無限可能。"
https://artemperor.tw/tidbits/18401,台灣，台北市,金車文教基金會【陳汶慶 創作個展 【在虛景中遠行】,https://d2onjhd726mt7c.cloudfront.net/images/datas/000/118/243/uuzarh46xq9v07n1kqebw1fwnz7s5hy8_800x420^.jpg,2025-06-12 ~ 2025-08-03,台北市大同區承德路三段131號,https://www.kingcarart.org.tw/exhibitions-detail/229,陳汶慶,"☄ 藝術家介紹
陳汶慶，2000年出生於台北，現就讀國立彰化師範大學美術系研究所，以噴筆為主要創作媒材。透過創作講述自身在虛擬遊戲和3D建模上所接收到的視覺經驗，藉由這種觀看方式，將視角投向身邊動植物的生態環境，重新編碼當下場景，以虛擬視角的觀看邏輯介入真實場景，創造出一場再現的生態景觀。
採訪文章 ► https://reurl.cc/K8WoQm
☄ 展覽介紹
透過作品分享創作者對於虛擬場景與現實場景結合所產生的情感。在這些作品圖像裡，風景不再是可供親臨的場所，而是一種介於真實與虛擬之間的投影。鳥獸、山水、棲地，這些本屬自然的意象，經過數位建模與畫面重構，被轉化為一個個無法觸及的虛擬座標。
創作者以遊戲畫面與3D建模為觀看視角，對虛擬空間中進行一場場「寫生」。這些寫生不是即時記錄對現實的捕捉，而是來自日常生活對動物與環境的觀察記憶，再由數位技術重構成新的棲地樣態。這些動物與景物，像是記憶的殘影，被重新召喚，在視覺層面與畫面中棲息。
風景成了「虛景」，只能觀看、無法抵達；它們是模擬的自然，是我對世界想像的倒影。
☄ 展覽資訊
陳汶慶 創作個展 【在虛景中遠行】
Chen Wen-Ching Solo Exhibition:A Journey Through Virtual Landscapes
展期：2025/06/12(四)-08/03(日)
開幕：2025.06.21 (六) 下午15:00
地點：KCCA 承德館
地址：臺北市大同區承德路三段131號
主辦單位｜金車文教基金會 / 金車文藝中心 KCCA"
https://artemperor.tw/tidbits/18425,台灣，台北市,金車文教基金會【羅友劭 創作個展【林中漫步】,https://d2onjhd726mt7c.cloudfront.net/images/datas/000/118/358/hc7thgnzb5uokn0c6azryg9j9q08r4da_800x420^.jpg,2025-06-12 ~ 2025-08-03,承德路三段131號,https://www.kingcarart.org.tw/exhibitions-detail/228,羅友劭,"藝術家介紹
羅友劭，1994年出生於台北，畢業於倫敦藝術大學中央聖馬丁學院藝術研究所與台灣藝術大學美術系。曾經在台灣、英國參與展覽。並在拉脫維亞的尤爾瑪拉進行過藝術進駐活動。
主要創作類型為空間裝置，嘗試藉由創作探討藝術與環境、人與自然間的關係。曾經在車站、工廠、櫥窗等非傳統藝術空間進行創作與展出。以不拘一格的媒材與形式將創作融入各式場域，將個人對空間的洞察與思想實踐於藝術創作上。
展覽介紹
漫步在都市中，處處可見隱密而蓬勃的生機，不同於曠野或山林，都市中有著別樣的自然。路邊的行道樹、住宅外的盆栽、水泥牆上的爬藤植物、侵門踏戶的榕樹，都市這座叢林，在柏油與水泥的空隙中藏著無盡生機。
這次的個展「林中漫步」，藝術品拼湊著呈現創作者在生活中的洞察與思考，受到都會自然所啟發，這是一座由空想所構成的微型森林。與都市中的植物相同，展場內的角落、縫隙、天花板等處都可見到藝術品的蹤影。
作品媒材以工業製品為主，抽離顏色與雜質，以一種純粹的方式，刻意強調藝術品做為人造物的性質。展場窗戶引進大片陽光與窗外景色，與展品形成強烈對比。而觀眾的介入，模糊了空間內外的界線，藝術家在此邀請觀眾，一同探索藝術與自然之間的交互關係。
文章連結➤ https://www.kingcarart.org.tw/exhibitions-detail/228
展覽資訊
羅友劭 創作個展【林中漫步】
Lo Yu-Shao Solo Exhibition: A Walk in the Forest
展期：2025.06.12 (四) – 2025.08.03 (日)
開幕：2025.06.21 (六) 14:30
地點：金車文藝中心 承德館
地址：台北市承德路三段131號
主辦單位：金車文教基金會 / 金車文藝中心KCCA"
https://artemperor.tw/tidbits/18417,台灣，台北市,金車文教基金會【霍蓉 創作個展【試證一場慶典的存在】Huo-Jung Solo Exhibition: Attempting to Prove the Existence of a Celebration,https://d2onjhd726mt7c.cloudfront.net/images/datas/000/118/309/bv2mxpkbu8fes1ugscihwr4n1oadad0b_800x420^.jpg,2025-06-12 ~ 2025-08-03,金車文藝中心承德館 : 臺北市大同區承德路三段131號,https://kingcar.pro/en14XeANr,霍蓉,"⚜ 藝術家介紹
霍蓉，1997年出生新竹，畢業於法國布爾日國立高等美術學院與國立臺北藝術大學美術學系複合媒體組，現於巴黎第八大學就讀當代藝術與人文科學碩士。其創作類型橫跨裝置、聲音、影像與表演等，作品關注日常生活中令人感到不適的人生經驗與片刻，將其轉譯成富含政治性的視覺語言。
⚜ 展覽介紹
展覽《試證一場慶典的存在》透過影像、裝置與行為表演等多元媒材，重構藝術家霍蓉旅居法國期間，參與一場難以言說的國慶慶典經驗。那一晚，在巴黎第七區塞納河畔的大學路78號駐法國臺北代表處深藍色拱門之後，一場精緻而莊嚴的晚宴悄然展開。而當派對結束，一切又回到無名的日常。霍蓉試圖成為這場盛會的見證者，將一段夾在記憶與現實之間的片刻具象化。展覽核心以一場具儀式性與政治性的「慶典」為切入點，透過藝術表現重構私人記憶，探問自身的身分與歸屬，並且進一步揭示觀看與參與所潛藏的權力關係。
文章連結➤ https://kingcar.pro/en14XeANr
⚜ 作品表演
6/21（六）、7/12（六）14:00 將於現場表演作品〈後臺〉。藝術家將於展間煮製紅酒，透過酒香緩緩蔓延於空間的過程，喚起對儀式、慶典與記憶的多重感知。（表演時間約 10 分鐘）
⚜ 展覽資訊
霍蓉 創作個展【試證一場慶典的存在】Huo-Jung Solo Exhibition: Attempting to Prove the Existence of a Celebration
展期：2025.06.12 (四) – 2025.08.03 (日)
開幕：2025.06.21 (六) 14:00
表演：2025.06.21, 07.12 (六) 14:00
地點：金車文藝中心 承德館
地址：臺北市大同區承德路三段131號
主辦單位：金車文教基金會 / 金車文藝中心KCCA"
https://artemperor.tw/tidbits/18355,台灣，台北市,Mind the G【GDAP SP 佚名青年】中正高中美術班第41屆學習成果展,https://d2onjhd726mt7c.cloudfront.net/images/datas/000/118/059/pi4iwux639sgrgvjkhr5qumbna2tz3mw_800x420^.jpg,2025-06-12 ~ 2025-07-05,東方廣告暨東梨學院藝文空間-台北市大同區迪化街一段256號(前棟),https://www.gdaptw.org/,霍蓉,"佚名，代表不具名 無名，正如現代少年少女們尋求身份認同一樣，即使隨將時光隱沒，稍縱即逝，卻創造令人難以忘懷努力閃爍的瞬間。選擇匿名的創作者也將自己隱沒於作品之中，如同數不清的泡沫，讓觀者在無名之中尋找共鳴。
Anonymous — a name that signifies the absence of a name, much like how modern youth seek identity. Even if they fade with time and vanish in an instant, they create unforgettable, fleeting moments that shine with effort. Creators who choose anonymity likewise hide themselves within their work, like countless bubbles, inviting viewers to find resonance within the nameless.
GDAP SP  -佚名青年 展覽資訊
▍地點：台北市大同區迪化街一段256號
▍展期：2025/06/12-07/05
▍開幕活動：2025/06/14  - 12:00~13:00
▍時間：12:00~17:30 (週一、二公休)
/
贊助單位
▍茂林光電
▍東方廣告 - GDAP"
https://artemperor.tw/tidbits/18418,台灣，台北市,財團法人沈春池文教基金會【轉角遇眷你—眷村文化記憶展】【遷臺歷史與眷村文化 系列講座,https://d2onjhd726mt7c.cloudfront.net/images/datas/000/118/320/vgqgxkikjrb038bg620y7pntahad9uz4_800x420^.jpg,2025-06-12 ~ 2025-06-22,八德路一段1號,http://www.sccf.org.tw/chinese/03_news/02_detail.php?lpid=3&dpid=249,霍蓉,"轉角遇眷你—眷村文化記憶展
地點：華山1914文化創意產業園區 Magic Box 魔術方塊數位故事館
地址：臺北市中正區八德路一段1號
展期：2025/6/12（四）～6/22（日）
週一～四 11:00～17:00｜週五～日 11:00～17:30
走進眷村記憶的時光廊道，在沉浸式劇場的光影與故事中，遇見過往的人與家的模樣。從歷史記憶、社會轉型到世代交替，《轉角遇眷你》以展覽為核心，結合講座與影展，帶您看見不一樣的台灣故事。
【遷臺歷史與眷村文化 系列講座】
戰時記憶為何化成生命的魂？ 來聆聽學者與文化工作者對眷村文化的深層觀察。
報名連結：sccf.kktix.cc/events/moscr1949lecture
【離亂與傷痕 系列影展】
精選四部真實動人的紀錄片，以影像重現人們遷徙時的倉皇與堅韌，也形塑成三代人的歷史共鳴。
報名連結：sccf.kktix.cc/events/moscr1949film
放映地點：光點華山電影館
時間與片單：
6/12（四）15:00《離亂之歌》
6/13（五）17:30《傷痕-老兵的故事》
6/16（一）15:00《念念眷村-文學裡的故事》
6/19（四）15:00《故人故居故事-一代名將王靖國》"
https://artemperor.tw/tidbits/18373,台灣，台北市,路由藝術【影與鋼】Shadows and Steel,https://d2onjhd726mt7c.cloudfront.net/images/datas/000/118/149/eeb5nq94b67gjrm0pio46saltoahhoxf_800x420^.jpg,2025-06-14 ~ 2025-08-10,台北市中正區金山南路 1 段 67 巷 5 號 1 樓,https://www.cn.nunufineart.com/shadows-and-steel,Marta Katavić,"路由藝術台北榮幸呈獻-克羅埃西亞藝術家瑪爾塔・卡塔維奇（Marta Katavić，生於2000年）與藝廊的首次合作個展「影與鋼」（Shadows and Steel）。 作為國際藝壇備受矚目的新星，卡塔維奇以其極具魅力的半抽象繪畫，透過榮格心理學中的原型意象（Jungian Archetypes），展開對自身環境的深入探索。本次展覽集結藝術家近期的作品：畫布上的具象油畫、不鏽鋼板及金屬紙上的抽象風景畫，於具象與抽象之間架構起一場富含心理張力的對話。
瑪爾塔・卡塔維奇的創作核心在於她對肖像畫的嶄新詮釋。她筆下的日常場景人物，其臉龐與身體經常被刻意模糊與遮蔽，使形象跳脫具體身分，轉化為具有普遍象徵性的存在。她筆下的角色不再是傳統定義中的肖像，而是對「原型角色」的凝視與冥想——例如在棋盤千思索著下一步的棋手（象徵「騙徒」）、準備擊鼓的音樂家（象徵「英雄」）、或是沉浸於書頁之中的圖書館員（象徵「智者」）。
卡塔維奇刻意抹去人物的外在特徵，使其匿名化，讓他們能存在於超越時間、空間與角色的敘事中。每幅作品只描繪人物的一部分身體，更進一步將他們從原本的脈絡中抽離。這樣的美學選擇，源自她觀看母親錄製的家庭錄影的經驗——畫面常常只聚焦於人物的臉部特寫，形成一種去脈絡化的觀看方式，也成為她創作中極具個人特色的視覺語言。
除了具象人物作品外，卡塔維奇也展出一系列令人屏息的風景畫，這些風景畫幾近抽象的邊界。她將畫作創作於不鏽鋼板上，反映了藝術家最近在墨西哥旅行時的深刻感受，那裡廣闊而荒蕪的沙漠讓她震撼不已。
這些抽象風景中，時而閃現的金屬表面痕跡，喚起沙漠廣闊且近乎靈性的空寂感，同時也與展覽空間的環境產生對話。不鏽鋼反光的表面彷彿開啟通往另一個世界的窗口，亦同時映照出觀者在場域中的存在。不鋼板上的穿孔則暗示了這些材料曾經的用途，隱約道出自然與工業、荒野與文明之間的張力與並置。透過這些拾得材料的使用，卡塔維奇在原始功能與藝術再生之間建立平衡，讓形式、材質與意義之間產生新的聯繫與轉化。
「影與鋼」為當代現實主義提供了一種嶄新的視角，將其與抽象相融合，以反映當代社會的原型。透過這些作品，卡塔維奇引領觀者探索內在深層的聯想與情感，並激發對熟悉與未知的深思。她在媒材運用、構圖策略與主題選擇上的創新實踐，不僅挑戰了具象與抽象的傳統界線，更邀請我們思索集體記憶與不斷演變的原型，是如何塑造我們的個人經歷與身份。
克羅埃西亞藝術家瑪爾塔・卡塔維奇（Marta Katavić）將於6月親自來台，出席她與路由藝術 台北的首次合作個展《影與鋼》（Shadows and Steel）。開幕活動訂於6月14日（週六）下午三點至五點舉行，藝術家本人將親臨現場，並於下午三點半親自導覽展覽，與深入分享創作歷程與背後理念。"
https://artemperor.tw/tidbits/18384,台灣，台中市,鯉魚Carp Gallery【《劃黑》陳松志個展】,https://d2onjhd726mt7c.cloudfront.net/images/datas/000/118/185/1yd6hnri96ge7em767batudk9tumo1s4_800x420^.jpg,2025-06-14 ~ 2025-07-27,西區公益路174巷194號,https://www.cn.nunufineart.com/shadows-and-steel,陳松志,"在本次展覽中，藝術家將「劃黑」視為一種介於動作與界線之間的創作書寫，不僅象徵對秩序、形式與歷史的重述與裂解，更隱含一種感知節奏的擾動與造形位移。這樣的行動既具痕跡性，也生成臨時性的空間結構，使身體與物、秩序與逸脫之間的關係得以被重新思考與經驗化。
展覽中新作多以日常家居用品為基礎，包括充滿舊時代感的方桌、木櫃、舊衣等物件，透過藝術家精準的構置策略，形成一系列相互關聯的物質場域。在此過程中，物件不再僅為再利用的素材，而轉化為一種具有文化記憶與情感殘留的結構元素。陳松志的裝置操作模糊了具象與抽象、私密與公共、日常與詩意之間的界線，反映出他對於空間身體性、材料編碼與主體感知的長期關注。《劃黑》不僅指涉視覺層面的遮蔽與開顯，更是一種延伸至觀者身體經驗的觀看策略，促使我們重新思考物件如何成為觀看、感知與歷史對話的觸媒。
‘Black Dancing’ （劃黑） Chen Sung Chih Solo Exhibition opening soon at Carp Gallery!
In Black Dancing, Chen further conceptualizes the act of “marking black” as a form of corporeal inscription that exists between movement and boundary. This gesture signifies not only a rearticulation and disruption of order, form, and history, but also embodies a disturbance in perceptual rhythm and a displacement of energy. It is an act imbued with trace-like qualities, giving rise to ephemeral spatial structures in which the relationships between body and object, structure and escape, are reimagined and rendered experiential.
The exhibition features installations composed of familiar domestic items—vintage tables, wooden cabinets, worn clothing—strategically arranged through Chen’s refined compositional logic to form a series of interrelated material fields. In this process, objects are no longer mere recycled materials but are transformed into structural elements charged with cultural memory and emotional residue. His spatial operations blur the distinctions between figuration and abstraction, the private and the public, the everyday and the poetic—underscoring his sustained engagement with spatial corporeality, material coding, and subjective perception. Black Dancing refers not only to visual acts of concealment and revelation, but also to an embodied mode of perception. It offers a viewing strategy that draws the audience into reconsidering how objects become catalysts for seeing, sensing, and engaging with the echoes of history.
-
➿展出藝術家Artist：陳松志
➿展出日期 Date：06.14 Sat  -07.27 Sun
➿開幕茶會 Opening reception ：06.15 Sun
➿展出地點 Venue：鯉魚藝廊Carp Gallery"
https://artemperor.tw/tidbits/18348,台灣，台中市,大雋藝術 Rich Art【If the Light Lingers 微光停駐之時】三人聯展Three-Person Exhibition,https://d2onjhd726mt7c.cloudfront.net/images/datas/000/118/224/v97ujloj4i0en856t18wdygsotrmi1ax_800x420^.jpg,2025-06-14 ~ 2025-07-27,大雋藝術,https://dajungallery.com/exhibitions_detail.php?id=2442,Hannah Carrick、Jocelyn Tsaih、青川,"《If the Light Lingers 微光停駐之時》三人聯展Three-person Exhibition
⟢ 藝術家 Artists
Hannah Carrick
Jocelyn Tsaih
青川 QingChuan
⟢ 日期 Date｜2025.06.14（六Sat.）– 2025.07.27（日Sun.）
⟢ 時間 Time｜週二至週日11:00-19:00 (週一公休Mon. Closed)
⟢ 地點Venue｜大雋藝術 Rich Art Gallery (408台中市南屯區惠文路489號)
________________
「當我在追光，我與光同航。」
""When I chase the light, I journey alongside it.""
在這個經常被喧囂與匆忙淹沒的世界裡，大雋藝術將於6月14日至7月27日舉辦三人聯展《If the Light Lingers 微光停駐之時》，提供一個靜謐的片刻，邀請觀者開啟一段深刻的旅程——穿越日常、凝視內心，重新感知自我與世界之間的聯繫，追尋光的軌跡與夢的形狀。
三位來自不同文化背景的藝術家——Hannah Carrick、Jocelyn Tsaih與青川——透過各自獨特的視覺語彙展開一場跨越語言與形體的對話，探索「光」如何作為感知、存在與連結的媒介。展覽在她們對「光」的詮釋中，構築出一條從沉思到希望、從靜謐到轉化的詩性路徑。同時，三位藝術家也透過作品中的「光」作為隱喻，有意識地喚醒個人力量，審視個體精神世界的狀態，探索其成長軌跡，呈現自身建構自我光芒的歷程——是追光者，亦是光芒本身。
三位藝術家的作品彷彿來自不同軌道的光線，最終交會於同一片星空之下，組成一場關於追尋、想像與感知的集體旅程。《If the Light Lingers 微光停駐之時》邀請觀者「追光」——不僅是外在環境中的光影變化，更是內在感知的閃耀。這不只是走向光明的動作，更是一場在藝術與心靈之間的旅程，持續探索內在真實與世界聯繫的方式，照見我們渴望理解、療癒與希望的本質。
In an increasingly noisy and fast-paced world, Rich Art Gallery presents the three-person exhibition If the Light Lingers, on view from June 14th to July 27th, offering a moment of stillness—a space to begin an introspective journey that traverses the everyday, gazes inward, and reawakens our perception of the ties between self and world, tracing the path of light and the contours of dreams.
Hailing from diverse cultural contexts, the three participating artists—Hannah Carrick, Jocelyn Tsaih, and QingChuan— engage in a visual dialogue that transcends language and form. Together, they approach “light” as a poetic and symbolic agent—one that embodies presence, transformation, and connection. Light not only appears as a physical phenomenon but also as an inner force—illuminating memory, emotion, and identity. In this journey, each artist is not only in pursuit of light, but is also its vessel—both seeker and source of radiance.
The works of the three artists move like light coursing along distinct trajectories, ultimately converging beneath a shared sky to form a collective journey of pursuit, imagination, and perception. If the Light Lingers invites viewers to trace the path of light—not only as it shifts across the external world, but as it flickers within, illuminating the contours of inner awareness. This is not simply a passage toward brightness, but a contemplative voyage between art and spirit—one that seeks to uncover the quiet threads that bind our inner truths to the outer world, casting light on the enduring human longing for understanding, healing, and hope."
https://artemperor.tw/tidbits/18420,台灣，台北市,名山藝術【錦芳如許李君毅水墨師生展】李君毅．李孟芳．許宸家．郭錦屏．簡詩如,https://d2onjhd726mt7c.cloudfront.net/images/datas/000/118/329/b3j111isa36cz93t20kmkspte8lq4cqi_800x420^.jpg,2025-06-14 ~ 2025-07-13,台北市仁愛路二段48-6號 (近捷運東門站),https://www.mingshanart.com/,李君毅、李孟芳、許宸家、郭錦屏、簡詩如,"展覽「錦芳如許」由藝術家李君毅策劃，邀集曾親授的四位新進水墨藝術家—李孟芳、許宸家、郭錦屏、簡詩如共同參展。以花卉為題，藝術家們透過媒材的變異進行當代表述，展現水墨藝術在技法與觀念上的多元延伸。
傳統與創新的交織，使「花」不僅為描繪對象，更成為情感與時代的載體，映現出如錦之芳華，亦如人文之情懷。誠摯期待您的親臨，共賞當代水墨之美的綻放與傳承。
—
錦芳如許：李君毅水墨師生展
展出藝術家│李君毅、李孟芳、許宸家、郭錦屏、簡詩如
開幕茶會│2025.06.14 (六) 下午3點
展期│2025.06.14 – 07.13 (每日10:00 – 18:30)
地點│名山藝術台北館 (台北市仁愛路二段48-6號)"
https://artemperor.tw/tidbits/18327,台灣，台北市,阿波羅畫廊【次序之外】楊桃派-阿波羅畫廊新銳畫家助長計畫(12),https://d2onjhd726mt7c.cloudfront.net/images/datas/000/118/226/sh54erz954gotui3cfx1al772ieinl49_800x420^.jpg,2025-06-14 ~ 2025-07-12,臺北市忠孝東路四段218-6號2樓 (阿波羅畫廊/大廈入口位於忠孝東路),https://artgalleryapollo.com/2021/event/%e3%80%8a%e6%ac%a1%e5%ba%8f%e4%b9%8b%e5%a4%96%e3%80%8b%e6%a5%8a%e6%a1%83%e6%b4%beyoungtop/,蘇泓諺.張凱閔.林禹良江為彬,"阿波羅畫廊所主辦的「楊桃派 Young & Top—新銳藝術家助長計畫」，致力於發掘與扶植三十五歲以下獨特且具潛力的年輕藝術家，透過展覽、資源引薦與藝術市場協助，為其建立當代藝術生態立足的基礎，迄今已邁入第十二年。今年的主題為《次序之外》，邀請四位新銳藝術家蘇泓諺、張凱閔、林禹良與江為彬，以各自的繪畫語言探問秩序與觀看的本質，展現當代創作者 對現實感知的敏銳反射與深層思辨。
《次序之外》並非混亂的代名詞。反之，像一種緩慢游移的狀態──在規則與例外之間試探，在秩序與偏離之間推移。它是質疑的起點，也是將視線轉向邊緣的邀請，四位藝術家各自選擇了不同的視角，走向秩序背後、主流未能容納之處。
蘇泓諺以黑白灰為主調，構築出既靜默又緊繃的視覺場域。他筆下的空間經常無人、無聲，彷彿記憶的斷面或感官的殘響。這些作品不僅是單純的場景描繪，也是一種情緒的建築，一場針對感知與記憶的實驗。
張凱閔常以遊戲化的場景與模擬性的畫面構成為特色，呈現出介於真實與虛構之間的觀察角度。他擅長從日常生活中擷取題材，轉化為帶有荒誕感的圖像結構，使人物彷彿陷入規則未明的任務之中，如同一場靜默的模擬實驗，在秩序與混亂之間反覆運行。
林禹良多以森林、林道、夜色等自然場域為背景，人物與環境之間的關係緊密卻不明確，彷彿屬於某種既定系統中的一部分。作品中的人物背對畫面、面容模糊及穿著類似服裝這些帶有系統性卻難以定義的場景，表現出對生命觀察的解讀與詮釋，讓畫面在沉靜中浮現細膩且具思辨性的感知體驗。
江為彬以水族缸造景為靈感，構築出如同微型生態系的繪畫世界。畫面中常見水草、石塊、飼料魚與沉靜的空間佈局，在自由生長與理性編排之間取得平衡的秩序。他關注生命被觀看與 分類時所承擔的價值差異，透過這些微觀的水中場景，喚起對生命韌性與共生關係的再認識。
《次序之外》是一場在日常與潛意識之間的穿梭，是對時間、空間、存在與意義之不安定狀態的 凝視與捕捉。誠摯邀請您走入這場虛實交錯的展覽，感受四位新銳藝術家對日常、空間與生命的獨到觀察。"
https://artemperor.tw/tidbits/18411,台灣，台中市,科元藝術 Ke Yuan Gallery【【 2025 青春嶺 ‬】 聯展,https://d2onjhd726mt7c.cloudfront.net/images/datas/000/118/272/5gwms6nnvzdq2y7d18z300funkftrva5_800x420^.jpg,2025-06-14 ~ 2025-07-05,台中市清水區中山路126-8號3-4樓,https://www.keyuan.com.tw/exhibitions/2025-%E9%9D%92%E6%98%A5%E5%B6%BA%E8%81%AF%E5%B1%95,潘羽鍚、連芯妤、鄺鉅裁、張育瑄、楊承諺,"展覽簡介
科元藝術將於今夏推出第26屆「青春嶺」聯展，持續聚焦於台灣新生代藝術家的創作能量。今年展覽集結潘羽鍚、連芯妤、鄺鉅裁、張育瑄與楊承諺五位青年藝術家，展出逾35件全新創作，涵括油彩、粉彩、壓克力、版畫與纖維等多元媒材，展現豐沛的視覺語言與創作潛力。
「青春嶺」為科元藝術每年初夏定期舉辦的重要展覽，自1999年創辦以來，始終致力於發掘與推廣優秀的青年創作者，為其作品建立與觀眾、市場對話的舞台。今年展覽將於6月14日（週六）揭幕，當日下午15:00舉辦開幕茶會與座談會，將邀請藝文領域學者與創作者共同參與對談，歡迎關心當代藝術的觀眾踴躍出席。展期至7月5日（週六）止。
五位參展藝術家來自台灣各大藝術學府──東海大學、臺北教育大學、臺北藝術大學與國立清華大學，雖創作語言各異，卻皆以極為敏銳的感知力回應當代生活的切片。透過夢境、記憶、城市觀察與身體經驗，將個人視角轉化為細膩動人的視覺語言，體現當代青年藝術家對日常、記憶與內在世界的獨特凝視。
展覽資訊
▎藝術家 │ 潘羽鍚，連芯妤，鄺鉅裁，張育瑄，楊承諺
▎日期 │ 2025 / 6 / 14 - 2025 / 7 / 5
▎茶會 │ 2025 / 6 / 14 (六) 15:00
▎地點 │ 科元藝術 Ke Yuan Gallery
▎Artist │ PAN Yu-Yang、LIAN　Sin-Yu、 KWOMG Kui-Choi、 CHANG ▏Yu-Hsuan、YANG Cheng-Yen
▎Dates │ Jun 14, 2025 - Jul 5, 2025
▎Forum │ Jun 14, 2025 15:00
▎Venue │ Ke Yuan Gallery"
https://artemperor.tw/tidbits/18399,台灣，台北市,日升月鴻畫廊【侘，寂 Wabi-Sabi】日本當代藝術的完美與不完美,https://d2onjhd726mt7c.cloudfront.net/images/datas/000/118/241/9okhka5ixgpfyx094ka3jto4tdvmz7vz_800x420^.jpg,2025-06-14 ~ 2025-07-04,日升月鴻畫廊,https://www.everharvestart.com.tw/exhibition_single.php?id=274,杉浦康益、天野喜孝、村上隆、塩田千春、大槻透、住吉明子,"什麼是侘寂？
是靜，是剝落，是一種「不完美的完美」。
展覽匯聚了六位來自日本當代藝術的藝術家——杉浦康益、天野喜孝、村上隆、塩田千春、大槻透與住吉明子 —— 透過各自獨特的創作語彙，靜靜回應。
作品不只有淡與靜，也有鮮明色彩、奇幻線條與感性的剝落——在多樣中尋找侘寂，在侘寂中看見豐富。藝術家們透過材質、色彩與形式的交織，捕捉那些看似不起眼、卻耐人尋味的時刻，呈現那些介於完整與殘缺之間的美好瞬間。
▌展覽資訊：
藝術家｜杉浦康益、天野喜孝、村上隆、塩田千春、大槻透、住吉明子
展期｜ 2025.06.14 (六) - 2025.07.04 (五)
地點｜日升月鴻畫廊（台北市大安區仁愛路四段115號1樓）
時間｜ 11:00-19:00 （每週日、一休館）
▍收藏洽詢 ：
電話｜886-2-2752-2353
信箱｜everharvest.art@gmail.com
網站｜https://www.everharvestart.com.tw/"
https://artemperor.tw/tidbits/18385,台灣，台北市,若木藝廊 Ruomu Gallery【夢境之鑰】林彥良、陳威廷、李翰 三人展,https://d2onjhd726mt7c.cloudfront.net/images/datas/000/118/186/bswu29y5gn8wi96accyr3sk1sqvtm9el_800x420^.jpg,2025-06-14 ~ 2025-07-03,若木藝廊（台北市杭州南路二段29號）,https://www.everharvestart.com.tw/exhibition_single.php?id=274,林彥良、陳威廷、李翰,"夢境是一扇門，通往無限的可能，而「鑰匙」則是解鎖想像的媒介。
在現實與幻想交錯的時空中，我們總在尋找某個開啟內心世界的線索——它可能是一段記憶、一個符號，或者一種未曾見過的形態。
《夢境之鑰》 便是一場關於「夢境」、「象徵」與「轉變」的視覺旅程。
此次展覽邀請三位藝術家——陳威廷、林彥良、李翰，透過他們各自獨特的創作語言，共同建構一個充滿奇幻色彩的平行世界。他們的作品像是三把鑰匙，解鎖夢境的不同維度，引導觀者進入超現實的敘事場域。
1991年出生於台南的藝術家陳威廷，擅長以錯置與重組的語彙，編織出介於現實與記憶之間、既熟悉又陌生的場景。他持續探尋原生家庭與人際關係的深層脈絡，將詩文作為敘事的線索，使畫面如詩般靜謐而深遠。其作品彷彿一場被凝結的夢，觀者遊走其間，像在翻閱一冊未完的心靈記事，於層層意象之中，捕捉那些潛伏於潛意識裡的微光訊息。「阿蕉」是林彥良設計的可愛角色，頭頂著黃色香蕉皮，表情生動、造型多變，像在暗示這個一副小男孩模樣的他，其實有敏感早熟的心，就跟藝術家本人一樣；林彥良善於在畫面與雕塑中編織關於個體、身分與城市記憶的故事，他的創作像是記憶與未來交織的拼圖，讓人得以窺見時光流轉間的變化。李翰彷彿一位輕盈的造夢者，以簡練俐落的視覺語彙，為角色與場景貼上幽默而超現實的標記。他的畫面中，愛心不再只是溫柔的象徵，而是與骰子並肩登場，彷彿正下注一場無形的情感賭局；骨頭戴著帽子閒晃四方，像是藏著祕密的旅人默默陪伴；方塊與圖形錯落其間，似乎正猶豫著要落在哪一格命運的棋盤上。這些符號宛如夢中飄現的紙條，輕盈卻銳利，在輕鬆詼諧的氛圍中，引領觀者重新凝視日常中的邏輯與荒謬。
夢境的敘事與轉變 在《夢境之鑰》 中，夢不只是夜晚的幻想，而是現實世界的延伸與映射。展覽希望透過這三位藝術家的作品，讓觀者思考：「我們的夢境是否來自現實？還是現實其實是夢的延續？」每一件作品都像是一個通道，引領觀者穿越記憶與未來、幽默與哲思、形象與抽象的邊界。藝術家們的創作，不僅是個人視角的表現，也是一場對自我與世界的探索。
.
展覽日期｜2025年6月14日 - 7月13日
開幕日期｜2025年6月14日（星期六）3:00pm
地點｜若木藝廊（台北市杭州南路二段29號）
參展藝術家｜林彥良、陳威廷、李翰"
https://artemperor.tw/tidbits/18075,台灣，苗栗縣,苗栗縣苗北藝文中心【2025 苗北藝術工坊－時尚玩生活系列】,https://d2onjhd726mt7c.cloudfront.net/images/datas/000/116/921/67ycf1muv31vkzdqi68tlcml6zter5nn_800x420^.jpg,2025-06-14 ~ 2025-06-28,苗栗縣竹南鎮公園路206號--苗北藝文中心,https://www.miaobeiac.org/mod/course/index.php?REQUEST_ID=SAJTHC1UVXxKWXA2bhRgElEGQ0QhFkRxW1UhIjglTCAFVwxJJA&nonline=1,林彥良、陳威廷、李翰,"✧2025苗北藝術工坊 6月【時尚玩生活系列】✧
本季帶來時尚玩生活系列：香水、蠟燭、咖啡體驗課程。
在炎炎夏日裡找尋生活慢步調，來苗北享受一趟藝術心靈獨旅吧?
06/14  ▸ 仲夏芬多精
▹▸ https://reurl.cc/qG5Ylq
炎夏時節，繁忙的工作和煩亂的思緒也隨之升溫，天然植萃的芳香精華，是來自大自然的能量，也是平衡節奏、愉悅情緒、紓解煩燥的天然良方。
※可攜回一瓶自己調配的香水和一張藝術家獨家授權的藝術香氛卡
06/21 ▸ 冰紋藝術蠟
▹▸ https://reurl.cc/YYv3yn
融化的蠟遇上冰塊，創造出獨特的鏤空質感，點燃時，光影透過細緻的孔洞流轉，營造溫暖而夢幻的氛圍，每一顆蠟燭都是獨一無二的藝術品。
※可攜回一個藝術蠟燭。(顏色不限)
06/28  ▸ 咖啡漫遊記
▹▸ https://reurl.cc/xN93Y5
探索精品咖啡的奧秘！本課程帶您深入非洲、亞洲、中南美洲及海島四大咖啡產區，品味各區獨特風味。
※可攜回老師自焙精品咖啡豆1包。(半磅)
✦苗北藝術工坊，名額有限，額滿為止✦
✦本期課程僅開放單人報名，無親子組呦✦"
https://artemperor.tw/tidbits/18393,台灣，台北市,異雲書屋Yiyun Art【藝術家會客室吳士偉】The Artist’s Parlor: Wu Shi-Wei,https://d2onjhd726mt7c.cloudfront.net/images/datas/000/118/229/iil7aerz5h348xmjd1ws6wqahuqqvjs8_800x420^.jpg,2025-06-14 ~ 2025-06-28,異雲書屋・青田館・台北市大安區青田街12巷23號1樓,https://www.yiyun-art.com/exhibition/2025-06,吳士偉,"▍new project｜藝術家會客室：吳士偉｜The Artist’s Parlor: Wu Shi-Wei
​
吳士偉｜創作自述
​
三十多年前，在秋冬時分的西湖畔瞥見了一池殘荷，那種枯敗中表現的繁盛又清冷，處處彰顯著生命力與靈秀神韵，美得令人驚豔又耐人尋味，從此殘荷之景深植腦海，從第一次個展開始（民國82年）總有以殘荷為題材的作品陸續發表展出。
有段關於〈殘荷〉的新詩如此寫道：
「在盛開與衰敗之間／在繁榮與落寞之中，我看見了／生命在不同時間，不同形態展現出的／一種別樣的風韵。／陽光下的殘荷，並不淒婉／枯萎的葉片在陽光裡堅守著重生／與希望，固執得像是一個／佈滿滄桑的老人，在榕樹下守望著／年輕的愛情。」
每每在秋冬之際，總在殘荷前佇足良久，那傲岸的頑強身姿，有一種繁華落盡的心境，有一種荷盛開時沒有的美；一支支荷梗蓮蓬優雅矗立著，疏影橫斜、幽香靜謐；使我聯想起冬天的梅花，高潔傲骨代表著文人的風骨節操與人格意境。
雖然歷經世事繁華，待到人生暮年依然有著頑強的生命力，有著對未來的期盼，堅守初心，期待來年生生不息孕育著下一個新的開始。挺立的荷梗也使我想到路易絲．布爾喬亞的大蜘蛛雕塑，那糾結堅強的腳爪傲然獨立的挺著一個身體那麼堅強有力。
殘荷孤獨靜美看似寥落卻有錚錚傲骨，沒有枯敗悲涼而是昂首挺立、樂觀向上，高貴的靈魂不屈的風骨，超凡的意境以及對未來的期盼、幸福與希望。願我能以一筆一墨把自己一生的生命經歷、艱辛挫折與憂煩，化成一片片純靜清幽的世界，以及所嚮往的清淨禪意的筆墨天地。
​
＿＿＿＿＿＿＿＿＿＿＿＿＿＿＿＿＿
​
「 藝術家會客室：吳士偉 」
“ The Artist’s Parlor: Wu Shi-Wei ”
​
座談日｜2025. 6. 14 (ꜱᴀᴛ.) 15:00
​
限時開放｜2025. 6. 14 - 6. 28
時間｜12:00-18:00，日、一公休
地點｜異雲書屋・青田館 (台北市大安區青田街12巷23號1樓)
​
本次展覽介紹｜https://www.yiyun-art.com/exhibition/2025-06
​
＿＿＿＿＿＿＿＿＿＿＿＿＿＿＿＿＿
​
❰ 收藏洽詢｜Inquiries ❱
Tel｜青田館・02 2395 9292
Email｜info@yiyun-art.com
More Info｜https://linktr.ee/yiyunart"
https://artemperor.tw/tidbits/18294,台灣，台北市,金車文教基金會【打造難忘的沉浸體驗】金車文藝講堂:陳心龍,https://d2onjhd726mt7c.cloudfront.net/images/datas/000/117/777/oekv2acwq1cwlz05p5c5ory7nxgli14f_800x420^.jpg,2025-06-14 ~ 2025-06-14,台北市中山區南京東路二段1號3樓,https://www.kingcarart.org.tw/projects-detail/177,陳心龍,"▌講堂簡介
如果說「生活即舞台」，那麼 #驚喜製造 Surprise Lab. 絕對是這場戲裡最會設計和引導情境的導演，這個出沒時間、地點難以預測的驚喜體驗製造商，是由陳心龍與林業軒於2016年共同創立，體驗領域橫跨餐飲、表演、樂園、街頭行動；創立至今，公司已推出 10 項自行生產與共創的作品，累積了億次的票房，在體驗設計這條道路上，闖出屬於自己的一片天。
這回金車文藝講堂特別邀請創辦人陳心龍現身分享，帶大家一窺那些精彩企劃背後的靈光與思維，更希望揭開「體驗設計」這門看不見卻深刻觸動人心的藝文活動。
特別推薦給對文化創意、展演設計、甚至創業旅程有興趣的朋友，若你也渴望跳脫日常，來這裡，或許會找到那份久違的驚喜與靈感！
立即報名 ➢ https://reurl.cc/vQo5Wo
▌講師介紹
➤ 陳心龍，為驚喜製造 Surprise Lab. 創辦人暨執行長，擅長整合各式創作媒材：沉浸式體驗、食物設計、表演藝術、平面動態影像，來創造各類型親身經歷的原創體驗內容，開啟台灣體驗新興市場。畢業倫敦帝國理工學院創新創業管理碩士。2016年回台成立 - 驚喜製造 Surprise Lab.，致力於形塑新型態的城市樣貌。
➤ 獲獎紀錄
2024《巴黎舞會：台北場》｜ Best 100 實驗新經典
2024《無光晚餐第三季》｜ 金點設計標章
2023《落日轉運站》｜ BEST 100 年度概念展演活動
2021《微醺大飯店：1980s》｜ 金點設計獎、BEST 100 年度概念展演活動
2019《微醺大飯店》 ｜ 金點設計獎、德國紅點設計獎
2018《一人餐桌》 ｜ 金點設計獎
▌講堂資訊 #公益講座
講師：陳心龍．Surprise Lab. 創辦人
講題：【打造難忘的沉浸體驗】
時間︰2025.06.14 (六) 14:00-16:00
地點：金車文藝中心 臺北南京館
地址：臺北市中山區南京東路二段1號3樓"
https://artemperor.tw/tidbits/18354,台灣，台北市,台灣文創發展股份有限公司【2025華山親子表藝節「心球漫遊」】踏上奇幻旅程，找到最閃亮的自己,https://d2onjhd726mt7c.cloudfront.net/images/datas/000/118/056/ek5d2nk1pc7dpxqmvwteirop7x0x0mfv_800x420^.jpg,2025-06-15 ~ 2025-08-17,八德路一段1號,https://lihi.cc/4oKlP,自然而然劇團、紅鼻子馬戲團、福德隆劇場、軟綿尾巴組、字母人工作室,"每顆星球都是一段生命旅程，讓我們一起踏入奇幻的戲劇世界，
學習經歷、勇氣、包容、珍惜和道別，勇敢面對旅途中的種種可能。
來場夏日遠足，在彼此的心球裡自在漫步吧！
6.15起，一系列親子工作坊搶先啟程！
5組團隊 x 24場演出 x 9場工作坊
7.18-7.20 自然而然劇團《大寶小寶轉圈圈Round and Round 》
7.24-7.27 紅鼻子馬戲團《貝斯伯的奇幻冒險》
8.02-8.03 福德隆劇場《蝴蝶大變！是變身的變》
8.09-8.10 軟綿尾巴組《文具店的實習魔女》
8.16-8.17 字母人工作室《遊心出發》
▲ 華山親子表藝節：早鳥85折至6/05止 ▲
▲ 所有節目主辦單位保留節目異動權，如有異動，以opentix資訊為主。
【2025華山親子表藝節】
自然而然劇團《大寶小寶轉圈圈》
【節目介紹】
一場讓阿公阿婆跟孫子孫女一起看的偶戲，生命宛如迴圈，原來終點和起點這麼像。
【演出資訊】
7/18(五) 14:00、16:00
7/19(六) 11:00、14:00
7/20(日) 11:00、14:00
【節目長度】40分鐘，無中場休息
【演出地點】華山1914文創園區 東3B館 烏梅劇院
【建議觀賞年齡】3歲以上
【票價】600元
【2025華山親子表藝節】
紅鼻子馬戲團《貝斯伯的奇幻冒險》
【節目介紹】
當害怕與挫折襲來，貝斯伯選擇了逃避……但這一次，他將展開一場奇幻旅程，尋回對棒球的熱愛與自信！
【演出資訊】
7/24(四)19:30
7/25(五)19:30
7/26(六)14:00、16:00
7/27(日)14:00、16:00
【節目長度】60分鐘，無中場休息
【演出地點】華山1914文創園區 東3B館 烏梅劇院
【建議觀賞年齡】全年齡可觀賞 13歲以下家長陪同
【票價】平日場 半價 $300／假日場 $600
【2025華山親子表藝節】
福德隆劇場《蝴蝶大變－是變身的變》
【節目介紹】
風雲再起，江湖翻轉！
每個選擇，都是一場影響未來的冒險！
【演出資訊】
8/2(六)10:30、14:30
8/3(日)10:30、14:30
【節目長度】50分鐘，無中場休息
【演出地點】華山1914文創園區 東3B館 烏梅劇院
【建議觀賞年齡】3歲以上
【票價】500元
【2025華山親子表藝節】
軟綿尾巴組《文具店的實習魔女》
【節目介紹】
在文具店找失蹤的狗狗？
這裡有什麼神秘的力量？
小魔女出任務囉！
【演出資訊】
8/09(六) 11:00、14:30(錄影場)
8/10(日) 11:00、14:30
【節目長度】50分鐘，無中場休息
【演出地點】華山1914文創園區 東3B館 烏梅劇院
【建議觀賞年齡】7歲以上
【票價】600元
【2025華山親子表藝節】
字母人工作室《遊心出發》
【節目介紹】
家遊家心意外掉入桌遊世界，他們是為了什麼而來？
又是誰在等著他們呢？
【演出資訊】
8/16(六) 11:00、14:30
8/17(日) 11:00、14:30
【節目長度】50分鐘，無中場休息
【演出地點】華山1914文創園區 東3B館 烏梅劇院
【建議觀賞年齡】3歲以上
【票價】550元"
https://artemperor.tw/tidbits/18371,台灣，台中市,國璽藝術【「異境夏語」當代藝術聯展】「Whispers of a Summer - Another World」Joint Exhibition,https://d2onjhd726mt7c.cloudfront.net/images/datas/000/118/231/g52b89up6iflg2tbvt2q5bsk1zy8iow5_800x420^.jpg,2025-06-17 ~ 2025-07-17,臺中市南屯區向上南路一段167號3樓之１,https://lihi.cc/4oKlP,林文政、민창주、蔡英君、吳熙吉、林國瑋、高堉銓、詹哲名、雷凱勛,"「異境夏語」當代藝術聯展
「Whispers of a Summer - Another World」Joint Exhibition
.
集結八位藝術家，以寫實與超現實風格交織出一場夏日視覺旅程。作品如同來自異世界的低語，引領觀者穿越日常邊界，在夢境與現實之間，聆聽屬於夏天的藝術語言。
.
Bringing together eighte artists, this exhibition weaves a summer visual journey through the interplay of realism and surrealism. The works, like whispers from another world, lead viewers beyond the boundaries of the everyday, inviting them to listen to the artistic language of summer suspended between dream and reality.
.
｜展期｜2025.6/17 ～ 7/17
｜參展藝術家｜林文政 Wen Jen LIN、민창주 Chang Ju MIN、蔡英君 Kimmy TSAI、吳熙吉 His Chi WU、林國瑋 Kuo Wei LIN、高堉銓Yu Cyuan GAO、詹哲名 Zhe Ming ZHAN、雷凱勛 Kai Hsun LEI
｜地點｜國璽藝術GSA Gallery
｜地址｜臺中市南屯區向上南路一段167號3樓之１"
https://artemperor.tw/tidbits/18422,台灣,一票人票畫空間＆畫庫【花珀 Flower Amber】陳又伃 個展,https://d2onjhd726mt7c.cloudfront.net/images/datas/000/118/336/z0jnh3d2u0umscem5jvt9e2w473gubuq_800x420^.jpg,2025-06-17 ~ 2025-07-05,台北市大安區永康街44號＆63-1號,https://www.facebook.com/share/16DcWfC9Vk/,陳又伃,"【 花珀 Flower Amber 】
模糊不明的記憶隨著時間沈澱，與環境的壓力交融醞釀，緩緩凝結為光陰的琥珀。那些曾於指尖輕觸的草木、停留於鼻息間的花香，一層層堆疊於歲月的罅隙中，靜靜等待被重新喚起。
從「尋找童年時相伴的植物」出發，如同手握著一張破損的地圖，在記憶的霧中尋覓植物的身影。凝視與描繪的過程，化作一場對過去的探索，也是一種對遺落感知的召喚，引領觀者在自身記憶中探尋，與那些漸遠又熟悉的感知對話。
隨後步出戶外，沿著等高線上升、平移，再向下探，如同在「攀登一座名為人生的山嶺」，感受每一次轉折中的氣息變化，體會身體與自然之間流動的回應。
回到室內，建立一座以花為形、意為體的場景。插出象徵十二個月份心境的花，記錄著一段段生命旅程中的情感遞遞與角色轉換，映照個體在不同階段中所經歷的成長、選擇與自我認識。
《花珀》不僅是一場關於個人記憶的回望，更是一場緩慢凝結的儀式。如同琥珀的形成，是時間、自然與當下之間，無聲而綿長的交會。拾起一朵無名的小花、一段模糊的時光，彷彿撫摸一場沉靜的夢，或拾得一片尚未凝固的光，任它再次綻放——在光裡，在靜默裡，在《花珀》之中，每個人都能尋得屬於自己的那朵時光之花，或是一段尚未命名的記憶。
（ 文 / 陳又伃 ）
＿＿＿＿＿＿＿＿＿＿＿＿＿＿＿＿＿＿
【 花珀 Flower Amber 】陳又伃 個展
▋展期｜2025／６／17 (Tue.) – 2025／7／5 (Sat.)
▋開幕茶會｜2025 / 6 / 21 3PM
▋時間｜週一公休、週二-週六13:00-21:00、週日11:00-18:00
▋地點｜台北市大安區永康街44＆63-1號
-
-
想看更多：
FB: https://www.facebook.com/piaopiao.art
IG: https://instagram.com/piaopiaogallery
作品清單及線上問價：
LINE: https://lin.ee/zQJKPNPd"
https://artemperor.tw/tidbits/18429,台灣，桃園市,众藝術【病假】許芯慈個展,https://d2onjhd726mt7c.cloudfront.net/images/datas/000/118/373/4ahd7pb9dujig6b1krxdja6nztxzaf7m_800x420^.jpg,2025-06-18 ~ 2025-07-16,众藝術Zone Art（桃園市桃園區中埔六街196巷22號）,https://www.facebook.com/ZATaoyuan,許芯慈,"展覽論述｜
病假的目的是提供身體有傷病狀況的個體一段復原與調理的時間。然而,傷病作為一種難以驗證的個人狀態,使得病假時常成為一種默許的逃脫手段。對於藝術家許芯慈而言,病假是自學齡時期以來,一種短暫逃離現實、暫停日常責任的方式。病假所賦予的價值以及尚未到來前的想像都比一般休假來得更多,它伴隨著一種僥倖的心態,讓藝術家能有「賺到一天」的感受,一種從體制與勞動中暫時抽離的輕盈與自由。病假同時也有著欺騙及假裝的狀態,在合理與可信的偽裝中,藝術家試圖協調責任與反抗的平衡。此展覽將從藝術家對病假的經驗與感受出發,思考病假如何牽動她對職業、規訓、身體與時間的想像。
藝術家介紹｜
許芯慈,1995年出生於臺南,目前居住於臺北。畢業於國立臺北藝術大學美術系,於荷蘭Frank Mohr Institute 研究所取得藝術碩士。她的創作多以複合媒材、裝置及影像為表現形式,探索遷移者如何將對於空間的身體經驗及記憶,在移居的過程中重新想像與體現。近期,她關注個人身體與周遭物質環境的關係,在勞動與生產的過程中尋找自我的位置。
展覽資訊｜
展期 │ 2025.06.18 – 2025.07.16
時間 │ 週三至週日12:00 – 18:00 (每週一二與國定假日休館，如有特殊因素請至FB查詢）
地點 │ 众藝術 Zone Art (桃園市桃園區中埔六街196巷22號)
開幕 │ 2025.06.21 (六) 14:00
座談 │ 2025.06.21 (六) 14:30 與談人：王韓芳"
https://artemperor.tw/tidbits/18311,台灣，桃園市,隱藝空間工作室【與風景對話】台灣日本藝術家交流展-台灣站,https://d2onjhd726mt7c.cloudfront.net/images/datas/000/117/858/8q4ikefc2aqhs2hho5e3rpyjm49vd9gz_800x420^.jpg,2025-06-18 ~ 2025-07-13,隱藝術-桃園市大園區大仁路48號,http://yinartspace.org/,許芯慈,"當我們凝視風景的同時，風景也正回望我們。
這是一場來自台灣與「日本NAU21世紀美術連立協會」有所淵源的藝術家，  穿越地理的疆界，凝聚在風景之中，以藝術為媒介，彼此對話與傾聽。
「與風景對話－台灣日本藝術家交流展」匯聚來自兩國的創作者，透過繪畫、影像、聲音等多元媒材，呈現他們對自然、土地與記憶的獨特感知。風景不再只是眼中所見的自然實體，更是時間流動下的文化語境與內心映照。
此次展覽，隱藝術將空間轉化為一處共感場域，觀者在移步之間，彷彿走進藝術家心中的山川林野，也置身於一場跨文化的靜默對話。每一件作品，都像是一封來自風景的書信，等待被閱讀與回應。
在全球化與自然失衡的今日，這場展覽不僅是藝術交流，更是一種重新凝視土地與人之關係的邀請。
邀請您一同踏入風景，聆聽它的語言，與藝術家共構一場溫柔的對話。
策展人: 王穆提
展覽日期:2025.06.18~2025.07.13
開幕時間:2025.06.21(日)下午:14:00
*音樂演奏 -  長谷川友美
DJ音樂 - TokyoTakashi
*音樂活動｜2025.06.22(日)下午:1:00
DJ音樂 - Tokyo Takashi
音樂演奏 - 長谷川友美"
https://artemperor.tw/tidbits/18376,台灣，台北市,1839當代藝廊【1839當代藝廊】東松照明攝影展《長崎1945-2025》 凝視80年的原爆印記,https://d2onjhd726mt7c.cloudfront.net/images/datas/000/118/164/0wt0woiji0ne2g51g3dj84vagokg3b1w_800x420^.jpg,2025-06-20 ~ 2025-07-27,1839當代藝廊 (台北市大安區延吉街120號地下樓),https://www.1839cg.com/archives/8236,東松照明,"東松照明生於戰前、成長於戰後，為日本戰後攝影界最具影響力的巨擘。2025年適逢長崎原子彈轟炸80週年，為緬懷這段刻骨銘心的歷史，特別策劃「東松照明攝影展：長崎1945-2025」。本次展覽精選東松照明畢生致力記錄長崎的51幅經典作品，其中包含36幅黑白與15幅彩色攝影，見證這座城市80年來從廢墟中重生的艱辛歷程，以及人們在創傷中尋求尊嚴與希望的重生精神。
展覽以象徵性的「11:02」手錶為開展，這只永遠停留在原爆投下瞬間的時計，不僅是那場災難的物證，更提醒著人類：歷史從未停止流動。原爆帶來的影響，遠超過那個改變長崎命運的剎那，持續影響著世代的生命。
透過東松照明的鏡頭，我們看見長崎的過去與現在交織的景象：廢墟中重建的街道、倖存者臉上的傷痕、新世代的童稚笑顏，以及城市逐漸癒合的痕跡。這些照片不只是歷史的見證，更是和平的呼喚。
開幕暨座談：2025年6月21日（周六）下午14:30~17:00
地點：1839當代藝廊，台北台灣
特邀講者：
•	東松泰子（東松照明之夫人）
•	金福龍太（東京外國語大學名譽教授・文化人類學者）
•	蕭永盛（攝影史研究者）
座談會將深入探討東松照明的攝影視角，以及他透過鏡頭為長崎留下的80年見證，歡迎朋友們蒞臨參與。
展覽期間：2025年6月20日-7月27日
開放時間：11:00-19:00（週二-週日）
免費參觀"
https://artemperor.tw/tidbits/18082,台灣，台北市,國家表演藝術中心 國家兩廳院【2025新點子實驗場 曾彥婷 《煉丹場》】Yen-Ting TSENG: The Grand Elixir Factory,https://d2onjhd726mt7c.cloudfront.net/images/datas/000/116/950/qjrovfm4ik62duw0nh268dp2m5lv8d6j_800x420^.jpg,2025-06-20 ~ 2025-06-22,國家兩廳院實驗劇場(臺北市中正區中山南路21之1號，愛國東路側),https://www.opentix.life/event/1895023736410050561,曾彥婷、蔣韜、許雁婷、温思妮、張雅淳、唐健哲,"保證百分百純天然添加！ 塑膠恐龍就是真的恐龍！
這樣看來，塑膠就不只是一種物質而已，它甚至是一種無盡轉換的概念，它是—正其俗名所傳達的—我們可以親眼目睹的普遍存在；也正因為這點，它才堪稱一種奇蹟般的物質：奇蹟永遠是一種自然的突發轉換。塑膠依然全盤浸潤在這股驚奇當中：與其說它是物品，不如說它是動作的痕跡。
——《神話學》, Roland Barthes, 1957.
攤開一張臺灣地圖，沿著油脈和管線，從神秘的黑水井、圍繞村莊的八百根煙囪，一路走到尋常人家的客廳。那裡，一台台轟隆隆的機器射出成型，煉製出熱騰騰的未來。
存在於地底千萬年的石油和它五花八門的衍生物，百餘年來與本島人的命運糾纏不清，我們深陷在這濃烈的易燃液體裡，直到再也聞不到異味。
由曾彥婷與蔣韜所成立的測不準工作室，從2020年至今持續研調發展《咱的塑膠夢》創作計畫，田調期間內研究臺灣的石化產業歷史及現況並訪談相關民眾與業者，試圖梳理石化產業及其產品在臺灣獨一無二的脈絡。《咱的塑膠夢》今年邁入第六年，《煉丹場》為該計畫最新創作。六位擅於運用不同媒材的創作者持續／再度周遊臺灣，翻攪這片土地的記憶與現實，他們帶著田野地的風景、氣味與聲響來到這座煉丹場，緩緩道來每一個與你我息息相關的故事。"
https://artemperor.tw/tidbits/18360,台灣，台北市,臺北市立美術館【奧拉弗・埃利亞松你的好奇旅程】,https://d2onjhd726mt7c.cloudfront.net/images/datas/000/118/073/ertrjf2aa8kkdnozs03rnfd2igc0q8yu_800x420^.jpg,2025-06-21 ~ 2025-09-21,台北市中山區中山北路三段181號,https://www.opentix.life/event/1895023736410050561,奧拉弗・埃利亞松,"展覽簡介 ▌
「奧拉弗．埃利亞松：你的好奇旅程」回顧冰島-丹麥藝術家奧拉弗．埃利亞松三十年的藝術生涯。本次展覽展出十七件作品，涵蓋裝置、繪畫、雕塑與攝影等創作，將埃利亞松的藝術實踐帶入亞太地區。
「旅程」的概念不僅意味著觀者與作品的移動，也象徵思想與探索的過程。埃利亞松運用自然元素、光線、色彩與運動，提高我們對自身周遭環境的感知。他的作品並非靜態的物件，而是需要透過觀眾的參與才得以啟動的動態實體──鼓勵我們重新思考慣常的觀看方式，並在空間中創造共享的經驗。展覽邀請觀眾留意日常生活中未曾察覺的面向，開啟對自我、美術館及世界的全新觀點。
「你的好奇旅程」為巡迴展，係與奧拉弗．埃利亞松工作室（Studio Olafur Eliasson）之合作策劃，陸續於新加坡美術館（Singapore Art Museum）、紐西蘭奧克蘭美術館（Auckland Art Gallery Toi o Tāmaki in New Zealand）、臺北市立美術館、雅加達努桑塔拉現當代藝術館（Museum MACAN in Jakarta）及馬尼拉當代藝術與設計美術館（MCAD Manila - Museum of Contemporary Art and Design）展出。
藝術家簡介 ▌
冰島-丹麥藝術家奧拉弗．埃利亞松（1967-）的作品探索藝術與世界的廣泛連結。自1997年起，他的個展陸續於世界各大美術館展出，創作形式涵蓋裝置、繪畫、雕塑與攝影。
埃利亞松以其挑戰感知並強調環境共創的展覽與公共裝置，在國際藝壇享有盛譽。2003年，他在倫敦泰德現代美術館的渦輪大廳創作《天氣計畫》（The weather project），以迷霧籠罩的巨大發光「太陽」創造沉浸式體驗。2008年，他在曼哈頓與布魯克林沿岸建造了四座大型人工瀑布，呈現於《紐約瀑布》（The New York City Waterfalls）計畫中。埃利亞松亦透過藝術探索氣候變遷的議題：2014年，他將格陵蘭冰川的碎冰帶至哥本哈根市中心，隨後2015年在巴黎、2018年於倫敦再次展出此《觀冰》（Ice Watch）計畫，讓路過的民眾得以親手觸摸來自格陵蘭的冰川碎片，見證冰川融化消逝的脆弱過程。2020年德國擔任歐盟理事會輪值主席國期間，他發表全球性藝術計畫《地球發言人》（Earth Speakr），與世界各地的兒童合作，鼓勵他們為地球發聲，該計畫由德國外交部支持。2022年，他於卡達杜哈郊外的沙漠設置了《那天在海上旅行的陰影》（Shadows travelling on the sea of the day），以一系列大型鏡面裝置，吸引人們關注當地的脆弱生態環境。
2012年，埃利亞松創立社會企業「小太陽」（Little Sun），並持續參與其發展至2024年。2014年，他與塞巴斯蒂安．貝曼（Sebastian Behmann）共同成立「其他空間工作室」（Studio Other Spaces），這是一間專注於藝術與建築的創作機構。2019年，他被任命為聯合國開發計劃署（UNDP）氣候行動親善大使。2023年，他獲頒日本皇室的高松宮殿下世界文化獎（Praemium Imperiale），表彰其對藝術發展、推廣與進步的卓越貢獻。
奧拉弗．埃利亞松工作室（Studio Olafur Eliasson）位於柏林，由藝術家與工藝師、建築師、檔案管理員、研究人員、行政人員、廚師、藝術史學者及技術專家組成的大型團隊共同運作。
展覽資訊  ▌
奧拉弗・埃利亞松：你的好奇旅程
展期：2025.06.21-2025.09.21
地點：臺北市立美術館 一樓1A、1B展覽室"
https://artemperor.tw/tidbits/18387,台灣,海神畫廊 Neptune Gallery【熙光漫遊】吳逸萱 個展,https://d2onjhd726mt7c.cloudfront.net/images/datas/000/118/197/y1dktzlzqx7nwqkuh0f98gfa8aykqmt9_800x420^.jpg,2025-06-21 ~ 2025-08-03,海神畫廊 Neptune Gallery（台南市安平區育平路369號）,https://www.opentix.life/event/1895023736410050561,吳逸萱,"遷居歸台兩年，藝術家吳逸萱以膠彩為媒材，回望過往心境的起伏與轉化。
在 2025 個展《熙光漫遊》中，她以光影為筆，描繪一處雙眼與心靈的棲所，封存那些靜謐而溫柔的時光，邀請觀者漫遊於詩意與記憶之中。
此次展覽中，藝術家受底片相機負片膠卷啟發，將花草形態轉化為留白區塊，融合金屬泥與墨色，營造低彩度且沈穩的色調，呈現出嶄新的視覺語言與內斂力量。
她以乾燥花草、銀箔氧化與礦物顏料厚塗，封存那些稍縱即逝的自然形影，如同用底片凝固瞬間的光，讓記憶得以停駐。這份對時光的凝視，延續至今，也逐漸轉化為對內在節奏與自我安頓的追尋。
從高空的雲層光景到幻想中的飛馬旅程，她的畫面總帶有一種脫離日常的純淨與安靜。
這次展覽，也像一場心靈的飛行，讓人暫時脫離現實，回到一個能安放自我的所在。
展覽將於 2025 年 6 月 21 日至 8 月 3 日於海神畫廊展出，並於 6 月 21 日 (六) 下午 3 點舉行開幕茶會。
展覽當日亦將限量發售 50 張藝術家親筆簽名明信片。誠摯邀請您一同參與這場由光影構築的詩意旅程。
After two years of settling back in Taiwan, artist Yi-Shuan Wu reflects on her inner journey.
In her 2025 solo exhibition Wandering in Light, she paints a sanctuary for the eye and soul — preserving quiet, gentle moments through layers of nihonga, inviting viewers into a space of memory and stillness.
Inspired by photographic negatives, Wu reimagines floral forms as areas of absence — combining metallic pigments with black ink to create muted, grounded tones. This shift reveals a new visual language: subtle, contemplative, and quietly powerful.
Through oxidized silver foil, dried flora, and layered pigments, Wu captures the fleeting forms of nature. Like film preserving light, her technique allows memories to linger. What began as a study of time and shadow has evolved into an exploration of inner rhythm and emotional grounding.
From cloudscapes viewed in flight to dreamlike winged horses, her works embody a purity and quiet that transcend the everyday. This exhibition, too, becomes a kind of spiritual flight — a place to momentarily detach, reflect, and rest within.
The exhibition will be on view at Neptune Gallery from June 21 to August 3, 2025, with an opening reception on Saturday, June 21 at 3:00 PM. On the day of the opening, a limited set of 50 artist-signed postcards will be available for purchase. You are warmly invited to join us on this poetic journey shaped by light and shadow.
✦展覽資訊｜Exhibition Info
▌展期｜Exhibition Period
06.21 (Sat.) – 08.03 (Sun.), 2025
▌開幕茶會｜Opening Reception
06.21 (Sat.)  at 15:00
▌地點｜Venue
海神畫廊 Neptune Gallery
台南市安平區育平路369號
No. 369, Yuping Rd., Anping Dist., Tainan City, Taiwan (1–2F)"
https://artemperor.tw/tidbits/18328,台灣，新竹市,新竹市美術館【紋影 Reflecting on Self】賴佳慧藝術創作個展,https://d2onjhd726mt7c.cloudfront.net/images/datas/000/117/939/0kx7bz7nzhfxc8e3i244do3eziwt4epz_800x420^.jpg,2025-06-24 ~ 2025-08-03,新竹241藝術空間(新竹市中央路241號6樓),https://www.facebook.com/hsinchu241?locale=zh_TW,賴佳慧,"《紋影 Reflecting on Self-賴佳慧藝術創作個展》
我們何時意識到靈性帶領的生活？也許是在生命驟然失衡時，也許是在靜默深夜裡的自問。「靈性」時常被認為遙遠而抽象，卻其實從未離開。它潛藏在每日選擇、情緒波動與內在對話中，等待我們回望與覺察。
當外在的追逐逐漸耗盡內在能量，筆者開始轉心向內，穿越層層厚重的結構，重新找回那些曾被忽略的柔軟與真實。靈性的覺醒，不是來自外界的聲音，而是來自深處對完整、理解與平靜的渴望。
本展以金屬編織與鏡象對稱，呈現靜謐而深刻的靈性狀態。金屬如記憶之線，交織日常與生命轉折；對稱圖樣則象徵內外對話與自我整合。作品不只是物件，更是能量的流動與心靈的映照。
「紋」，是靈魂的語言，是生命經歷後留下的痕跡。每一道紋路，都是一次誠實的凝視與蛻變的記錄，也引領我們朝向更完整的自己。
《紋影 Reflecting on Self-賴佳慧藝術創作個展》
展期|6月24日至8月3日
開放時間|週二至週日早上10點至下午6點（每週一休館）
展覽地點|新竹241藝術空間（新竹市中央路241號6樓）
藝術家|賴佳慧
承辦單位|新竹市文化局"
https://artemperor.tw/tidbits/18170,台灣，台北市,中正紀念堂【威廉．透納特展: 崇高的迴響】英國泰德美術館典藏,https://d2onjhd726mt7c.cloudfront.net/images/datas/000/117/277/6z3ms3xat9mmgb64aq57kms1b2nbrp8f_800x420^.jpg,2025-06-27 ~ 2025-10-12,中正紀念堂一、二展廳,https://pse.is/7f8nv6,威廉．透納,"【全球史上最大規模威廉．透納真跡畫展首度來台展出】
英國最偉大的藝術家威廉．透納，將其大部分作品遺贈給英國，並收藏於泰德美術館，本展將帶來高達80件威廉．透納真跡，涵蓋素描、水彩以及珍貴油畫，內容巧妙結合透納的旅行經歷與創作主題，以始於英國風景、走入山間、歷史故事、威尼斯、海上風暴、海天之間、大自然的崇高美學等主題，分為七大展區，貫穿他精彩的創作生涯。
從透納早期描繪英國風景的細緻筆觸，到壯麗再現阿爾卑斯山光影變幻的作品，再到對威尼斯詩意氛圍的描繪，完整揭示透納藝術風格的演變歷程，以及他對光線與氛圍獨特的詮釋。觀眾不僅可欣賞到透納早期精緻的風景畫，更能欣賞到他晚期奔放自由的色彩運用。為了凸顯透納作品的劃時代，泰德美術館更精選近30件當代藝術家作品加入展出，打造出前所未有、最大規模也是最全面的威廉．透納特展。
.
【英國最偉大的畫家 威廉．透納的恆久影響力】
英國泰德美術館策展人伊莉莎白．布魯克表示：「本展將引領觀眾走進威廉．透納的自然世界，從壯麗的風景畫到他作為光線與氛圍的探索先驅，呈現這位大師非凡的藝術成就。展覽將與約翰．亞康法、奧拉佛．埃利亞松、理查德．朗、科妮莉亞．帕克、凱蒂．帕特森、馬克．羅斯科、潔西卡．沃博伊斯等近30位頂尖藝術家的作品對話，顯示透納對繪畫及西方藝術中崇高表現的深遠影響。80件透納真跡與近30件當代藝術作品的並陳，對我們來說是巨大的挑戰，儘管過程充滿困難，能夠成功在台灣展出，我們深感榮幸，並且誠摯地邀請大家，把握這個難得的機會，親眼見證威廉．透納的藝術魅力。」
.
「威廉．透納特展：崇高的迴響」將於今年6/27至10/12在中正紀念堂盛大展出，4/23透納生日當天中午12點，udn售票網獨家搶先開賣預售票，包含預售單人票400元、畫框特殊設計雙人紀念套票900元，以及台北展限定商品套票，更與知名作家謝哲青合作舉辦透納主題講座，推出限量講座套票等。為盛大慶祝威廉．透納大規模真跡首度在台展出，主辦單位更加碼推出，預售期間在udn售票網購買任一票種，即可參加印有透納自畫像的20英鎊週週抽，以及Tate × Swatch聯名手錶【TURNERS SCARLET SUNSET】抽獎活動，趕緊把握機會預約這場今年度最盛大的藝術饗宴。
◆更多資訊請上udn售票網查詢
https://pse.is/7f8nv6
.
「威廉．透納特展：崇高的迴響」英國泰德美術館典藏
【展覽日期】2025.6.27-10.12
【展覽地點】中正紀念堂一、二展廳
【參展藝術家】
約瑟夫．馬洛德．威廉．透納（Joseph Mallord William Turner）
(以下依姓氏字母順序)
約翰．亞康法（John Akomfrah）
愛德華．伯汀斯基（Edward Burtynsky）
彼得．多伊格（Peter Doig）
奧拉弗．埃利亞松（Olafur Eliasson）
霍德華．霍奇金（Howard Hodgkin）
羅尼．霍恩（Roni Horn）
彼得．蘭永（Peter Lanyon）
理查德．朗（Richard Long）
麗莎．米爾羅伊（Lisa Milroy）
科妮莉亞．帕克（Cornelia Parker）
凱蒂．帕特森（Katie Paterson）
馬克．羅斯科（Mark Rothko）
沃爾夫岡．提爾曼斯（Wolfgang Tillmans）
潔西卡．沃博伊斯（Jessica Warboys）"
https://artemperor.tw/tidbits/18374,台灣，高雄市,高雄市新浜碼頭藝術學會【隙語-呢喃之際】版畫創作展,https://d2onjhd726mt7c.cloudfront.net/images/datas/000/118/161/adqvalri5f7w6i81hrfgogw20keqnu3y_800x420^.jpg,2025-06-27 ~ 2025-07-23,大勇路64號2F,https://sinpink.com/,林姿吟、魯彥豪、陳平,"隙語-呢喃之際  版畫創作展
❖藝術家：林姿吟、魯彥豪、陳平
❖展覽日期：2025.06.27(五)~2025.07.23(三) ，周一、二公休
❖展覽地點：新浜碼頭藝術空間A、B展覽室
❖展覽開幕：2025.06.29(日) 14:00
❖與談人：高嘉宏、林姿吟、魯彥豪、陳平
❖活動網站：https://sinpink.com/
❖展覽簡介：
展覽以「隙語」為題，象徵那些隱藏在日常空隙中的低語，空間中的「間隙」透露著訊息，或許這些瞬間被忽略與遺忘。「隙語」聚焦於空間與時空的對話與訊息傳遞，透過版畫媒材探討⼈類經驗與空間感知的微妙聯繫。
展覽匯聚國內3位藝術家透過多元的版種：銅版腐蝕、紙凹版或油印木刻版等不同版種詮釋空間⼦題，呈現對空間、時間與記憶的多元表現。藝術家們以獨特的視⾓與⽂化背景捕捉空間的靜默之美，並將之轉化為版畫中精緻的線條與層次，構築出既熟悉⼜陌⽣的時空景觀。"
https://artemperor.tw/tidbits/18083,台灣，台北市,國家表演藝術中心 國家兩廳院【2025新點子實驗場 不二擊聲音製造所 薛詠之 《寄聲之廟》】Uni Percussion: Temple of Resonance,https://d2onjhd726mt7c.cloudfront.net/images/datas/000/116/951/4h0v2qboowqla0nz6p79e9t9siwfwrdv_800x420^.jpg,2025-06-27 ~ 2025-06-29,國家兩廳院實驗劇場(臺北市中正區中山南路21-1號),https://www.opentix.life/event/1894585802624077825,薛詠之、不二擊聲音製造所,"用耳朵參拜，走進聲音的廟宇，感受信仰的共鳴
百年信仰文化 X 當代實驗擊樂 X 遊走式劇場
當雙手合十、閉上雙眼，耳朵接收的，不僅是聲音，而是信仰的世界。
由不二擊聲音製造所藝術總監薛詠之以當代擊樂為基礎，打造一場遊走式的聲音劇場，帶領觀眾從遶境入廟到擲筊許願，探索信仰的聲音力量。結合當代擊樂、北管、遶境聲響氛圍等元素，融入電子聲響與廟埕田野錄音，構築出一座「看不見的廟」。演出中觀眾可自由走動，如同進入真正的廟宇般，感受神聖與日常記憶的交會，邀請你用耳朵參拜，一起成為聲音的信徒。
臺灣的廟宇無處不在，是這片土地最獨特的文化印記。鑼鼓喧囂、戰鈸穿天，是廟會活動中熟悉的熱鬧景象，也是台灣人共同的回憶畫面。人們藉由遶境、陣頭和祈拜，向神明訴說心事、祈求平安與幸福。廟宇不僅是信仰的寄託，更是生活中的重要存在。然而，日常的熟悉使我們對宮廟文化的細節與深層意義少有深入的探討。
2024年5月，《寄聲之廟》於高雄春天藝術節首次登場，獲得熱烈迴響，更入圍第23屆台新藝術獎。這場演出靈感來自建築師賴伯威的著作《寄生之廟》，並以其諧音「寄聲」展現聲音與信仰的交會。台灣信仰文化的力量無處不在，即使不是信徒，人們依然能在日常生活中感受到廟宇文化的擴散與滲透。信徒將願望與期待寄託於眾神，那些無形的信仰匯聚成巨大的力量。而《寄聲之廟》則以聲音作為媒介，傳遞這些力量，探索實體廟宇與心靈殿堂的虛實交融，並將其寄生於劇場的黑盒子空間中。"
https://artemperor.tw/tidbits/18375,台灣，高雄市,高雄市新浜碼頭藝術學會【塵光小事】－楊子怡個展,https://d2onjhd726mt7c.cloudfront.net/images/datas/000/118/162/v89frzaz1hb2ebjv3m4ka31f8sw2zwjr_800x420^.jpg,2025-06-28 ~ 2025-07-22,大勇路64號2F,https://sinpink.com/,楊子怡,"塵光小事－楊子怡個展
✹藝術家：楊子怡
✹展覽日期：2025.06.28(六)-2025.07.22(二) ，周一、二公休
✹展覽地點：新浜碼頭藝術空間Pin-Bien館
✹空間贊助單位：國藝會
✹新浜行政：陳羚溱、吳宛倫
✹實習生：孔媛
✹活動網站：https://sinpink.com/
✹展覽簡介：
「塵光小事」關注生活中那些微小、邊緣、不經意的片刻。它們如塵埃般徘徊於可見與不可見之間，輕盈飄浮，只有在停下來、拂去表面的靜止時，才會悄然浮現。展覽透過布料、繪畫與影像，使這些細碎記憶重新顯現，彷彿塵光中閃爍的回憶碎片。
海德格提出的 Lichtung，意指一處讓事物得以從遮蔽中顯現的空間。創作中的布料層層拼接，如同時間與記憶的堆疊，投影的影像讓過去的片段短暫閃現，而插圖則捕捉日常中鮮活的微小時刻。記憶在遮蔽與開顯之間流動，當我們凝視或偶然觸及某個細節，某些被遺忘的風景就會悄然浮現。
在這裡不只是創造觀看，更是開放參與的場域。觀者可透過留言與塗畫，加入自身記憶，讓回憶的塵光一同在此刻閃現。"
https://artemperor.tw/tidbits/18298,台灣，台北市,玉山文教基金會【站在玉山・擁抱藝術】藝文講座-根源於土地的未來,https://d2onjhd726mt7c.cloudfront.net/images/datas/000/117/788/gw25vbc4lboefjtkd4zwfjb5snkc335h_800x420^.jpg,2025-06-28 ~ 2025-06-28,玉山金控第二總部（臺北市敦化北路315號2樓）,https://survey.esunbank.com/s/AMYqD,尤瑪．達陸、廖仁義,"讓藝術豐富生活、用美學滋養人生，
玉山文教基金會舉辦『站在玉山 擁抱藝術』藝文講座，
邀請藝文領域專家以多元主題視角，分享泰雅族傳統織布工藝之美，
並由前國立臺灣美術館館長廖仁義教授擔任引言人，
邀請您一同參與，透過更多藝文交流的機會，看見臺灣的藝術活力！
主題
根源於土地的未來
講座日期
2025.06.28(六) 14:00-16:30
講座地點
玉山金控第二總部（臺北市敦化北路315號2樓）
講座內容
以泰雅族傳統織布工藝為核心，闡述文化復興與藝術創作。透過織布工藝材料「苧麻」，開啟了利用的循環經濟系統，為部落的文化經濟加入前瞻性的力量。創作根源於土地生長出的文化養分，並延續成為未來的基礎，為原住民染織工藝與藝術種下深遠的希望。
關於講師
尤瑪．達陸（文化部授予「重要傳統藝術保存者」）
2016年由文化部頒發重要傳統藝術暨文化資產保存技術保存者，是當時國內人間國寶中最年輕的工藝師，以近10年的時間進行田野訪查了泛泰雅200多個部落工作，同時也到不同的國家英國、加拿大、日本、中國等地的博物館找尋民族文物，進行拍攝、紀錄、整理與系統分類，完成了泛泰雅的服務系統。
2001年開始培育部落織者進行博物館民族傳統服飾的重製技藝訓練，至2009年共重製近500件泛泰雅傳統的服飾。2010年鑑於民族教育的迫切，創立了色舞繞民族教育學園，從幼兒開始教育泰雅族的族語與民族生活文化知識。2016年成功地促成第一所泰雅民族實驗小學的成立，近年也在努力鼓吹泰雅染織工藝學校的催生。2020年積極的導入織布工藝材料－苧麻的振興工作，開啟了苧麻全株利用的循環經濟系統，為部落的文化經濟加入前瞻性的力量。希望對原住民的染織工藝種下多元的希望，近年更積極結合當代議題和現代材料與元素進行纖維藝術的創作，織品創作充滿自然溫厚的感受與想像，並與國際工藝師、藝術家產師連結，希望臺灣能從自身文化中建立獨特性與世界的連結性。
引言人
廖仁義(前國立臺灣美術館館長)
廖仁義教授(1958- )是法國巴黎第十大學美學博士，曾任國立臺北藝術大學博物館研究所所長、巴黎臺灣文化中心主任與國立臺灣美術館館長，目前也是玉山文教基金會董事。除了從事藝術博物館的研究與教學，也從事藝術史與藝術評論工作，曾經獲得巫永福文化評論獎與李仲生藝術評論獎。長期以來，他持續開授臺灣美術史的課程。做為教育工作者，他重視教育必須有效地把知識傳遞給學習者。在臺灣美術史的教學工作中，他發現，許多人很想接近藝術，卻總覺得藝術與自己之間有著距離，因此，他致力於透過清晰的臺灣史脈絡，去呈現每一個時代臺灣美術的發展，讓這個知識領域平易近人。藉由這個講座，我們希望為民眾提供一個臺灣美術的入門捷徑，讓藝術豐富臺灣人的文化心靈。
立即報名：
https://survey.esunbank.com/s/AMYqD
《此系列藝文講座不需費用，名額有限，額滿為止》"
https://artemperor.tw/tidbits/18402,台灣，台北市,金車文教基金會【樂美成 — 彡苗空間實驗_共同創辦人【From Something Behind to Something Between】,https://d2onjhd726mt7c.cloudfront.net/images/datas/000/118/244/1ircgyn4zw0j34rg1tybhfl0jfd2f9di_800x420^.jpg,2025-06-28 ~ 2025-06-28,台北市大同區承德路三段131號,https://www.kingcarart.org.tw/projects-detail/178,樂美成,"✹ 講堂大綱
在創意工作中，「放下」設計有時候是必要的，這不僅能幫助我們跳脫既有的思維框架，還能讓我們以全新的視角重新審視周遭的世界。當我們沈浸於日常的設計工作中，很容易被細節、技術限制或客戶的具體需求束縛，而忽略了創意本應具有的自由流動性。
「放下」意味著給自己一個機會，去觀察和體驗生活中那些非工作的瞬間，比如一次隨意的散步、一段深夜的閒聊或是對一幅藝術作品的欣賞。正是這些看似無關緊要的活動，往往能激發出最不受限的創意火花。
名額有限，報完為止.ᐟ.ᐟ/
前往報名➥ https://reurl.cc/1KVM0m
✹講座內容提要
彡苗空間實驗邁入第九年，當美學與設計早已成為生活日常，
去標籤、難以被定義的說書式概念，也逐漸成為彡苗的DNA。
秉持作為客戶端 “Something Behind” 的核心初衷，
我們也進而找出 “Something Between” 的下一步目標，
於品牌與品牌之間、品牌與受眾之間、地域與網絡之間，
邀請大家一起想像「設計師」在這個時代，所能擁有的「多重位置」。
✹ 講師介紹
有著建築背景的樂美成，長期關注空間與人之間的感知關係，從設計平面圖走進實際現場，試圖讓空間相互的回應更有溫度、細膩。
從實務設計、策展到跨域合作，他累積出一套關於「怎麼讓空間有感」的設計風格，2018年共同創辦設計工作室 Seed Spacelab，團隊以「空間實驗」為核心精神，橫跨住宅、展覽與公共場域，將感性思維與空間結構融合，創造具有敘事性與共感力的空間語言，對他而言，設計從不是風格間的選擇，而是對生活提問的起點。
✹ 講堂資訊 #公益講座
講師：樂美成 — 彡苗空間實驗 共同創辦人
講題：「From Something Behind to Something Between」
時間︰2025.06.28 (六) 14:00-16:00
地點：金車文藝中心 臺北承德館
地址：臺北市大同區承德路三段131號
主辦：財團法人金車文教基金會/金車文藝中心KCCA"
https://artemperor.tw/tidbits/18414,台灣，台南市,Be Art Store【苦，不苦】江鳳娌油畫小品展,https://d2onjhd726mt7c.cloudfront.net/images/datas/000/118/287/wyd0n63ttrq66fpjbzwa04m4411xdwsi_800x420^.jpg,2025-07-01 ~ 2026-02-28,台南市中西區忠義路二段1號(府前路側),https://be-art-store.weeblysite.com/,江鳳娌,"江鳳娌油畫小品展，於Be Art Store展售中。
Be Art Store offers a collection of items celebrating the essence of ""artful beauty,"" meticulously curated from both domestic and international artists and designers,
showcasing an array of limited-edition peripherals.
Be Art Store
營業時間:週二至周日10:00-18:00
地址:台南市中西區忠義路二段1號(府前路側)
電話:06-2215838"
https://artemperor.tw/tidbits/18315,台灣，苗栗縣,苗栗縣苗北藝文中心【堆疊的風景】陳怡今蠟筆畫創作展,https://d2onjhd726mt7c.cloudfront.net/images/datas/000/117/872/l8ni4in0eo1joif2ng85g09dxfxtkory_800x420^.jpg,2025-07-02 ~ 2025-08-31,苗栗縣竹南鎮公園路206號--苗北藝文中心,https://www.miaobeiac.org/mod/course/index.php?REQUEST_ID=SAJTHC1UVXxKWXA2XS9BWQxbB0E,陳怡今,"「繪畫是場⼼智活動，你無法忽視內在的感受就產出。」這是今今在⾃出版《創作筆記2：寫⽣》書中寫下的⼀句話。
2023 年起，今今深刻投⼊了⼀場四季⾵景寫⽣的計畫。這不僅是媒材研究練習，更像是⼀場⼼靈的修⾏。站在⾵景⾯前，今今每每感受到⾃⼰在浩瀚⼤⾃然⾯前的渺⼩與未知，這份⼼境促使我更深⼊地觀察、反思與表達。
今年，期望在展覽中擴展⾵景寫⽣的創作範疇與深度，探索更多⾵景與記憶、媒材間的關係。
每⼀次描繪，都是我與⾃然間⼼靈對話的具象化。我意識到，繪畫不僅限於「再現」曾經所⾒，⽽是透過創作來尋找新的視⾓和情感表達⽅式，是是⼀場內在情感與思考的交織。在原有創作的基礎上，我計劃透過尺幅的變化來轉換視⾓——縮⼩或放⼤、或延伸，以此引發新的創作體悟。在縮⼩尺幅時，需更注重筆觸的精緻與情感的凝練；⽽放⼤尺幅時，則需留意筆觸的層次、空間感的平衡與留⽩關係。
透過這次個展「堆疊的⾵景」呈現出今今對⾵景寫⽣的熱情，深刻體悟每個當下與探索繪畫的種種過程。讓觀者能在廣闊的⾵景中感受到⼀種開放的、無邊界的⾃然體感。希望藉此找到新的繪畫表達⽅式，近⽽對觀者的觀看⽅式產⽣影響，引發對⾵景與情感的⾃我反思。
「畫⾵景的我，越畫下去就越能了解⾃⼰。」今今"
https://artemperor.tw/tidbits/18353,台灣，台中市,丹之寶TANSBAO Gallery【ART TAICHUNG 2025台中藝術博覽會】TANSBAO丹之寶  Room 808,https://d2onjhd726mt7c.cloudfront.net/images/datas/000/118/201/8whvc5zul46eix1kcmgixe8akjtrheax_800x420^.jpg,2025-07-03 ~ 2025-07-06,台中日月千禧酒店（台中市西屯區市政路77號）,https://www.miaobeiac.org/mod/course/index.php?REQUEST_ID=SAJTHC1UVXxKWXA2XS9BWQxbB0E,金寶旺楚克  GYEMPO WANGCHUK、金柏麗 ZIMBIRI、夏達・什雷斯塔、桑尼・薩希爾·博帕爾、丹增・葛美・多吉、柯驎晏、蔡名璨、陳帟覠,"丹之寶將於2025台中藝術博覽會呈現策展主題：「The Human Spirit of Asia’s Inner Landscapes 亞洲內在的人文風景」，詮釋喜瑪拉雅當代藝術與台灣當代藝術在全球風潮下的蓬勃脈動及發展。展會將展出喜馬拉雅當代藝術家：Gyempo Wangchuk、Zimbiri、Tenzin Gyurmey Dorjee、Shraddha Shrestha、Sunny Sahil Bhopal；台灣當代水墨藝術家：柯驎晏、蔡名璨及陶藝藝術家陳帟覠等創作。
喜馬拉雅地區的文化反映了人類對自然與宇宙和諧關係的探索。在深厚的宗教背景下，當代喜馬拉雅藝術家巧妙地將傳統符號和文化象徵融入創作，深刻體現了對宇宙秩序的認識與對自然的謙卑，並表達了人類與自然力量間無形的聯繫。特別介紹喜馬拉雅當代藝術家 Gyempo Wangchuk、Zimbiri、Tenzin Gyurmey Dorjee 及 Shraddha Shrestha。Gyempo Wangchuk 以不丹傳統唐卡工藝為基礎，探索神祇圖像的多樣性並進行創新，表達了心靈深處的敬畏與理解，精湛的創作技巧不僅讓 Gyempo 獲「不丹唐卡鬼才」美譽，也讓他廣獲國際市場的關注，並兩度入圍 Sovereign藝術基金會「傑出亞洲藝術獎」。Zimbiri 則以不丹當地的土漆為媒介，創作形狀各異的「老虎」形象；老虎在不丹文化中具有強大象徵意義，Zimbiri 藉此探索人類與自然力量之間的動態關係，挑戰並重新詮釋這些傳統符號，她的藝術吸引了多元化的觀眾，使更多人能夠參與並理解喜馬拉雅豐富多彩的文化內涵。Tenzin Gyurmey Dorjee，2024年首屆魯賓美術館喜馬拉雅藝術大獎得主，將自己印度籍藏裔的移民者身份與喜馬拉雅地區的共同經歷交織於作品中。Gyurmey 擅長將全球性議題化約為可以感知的日常經驗，同時融入幼時所接觸的美式卡通及漫畫元素，在原麻布上使用層疊及刮除壓克力顏料的手法，既製造了特殊的肌理效果，也和畫中所保留的大量空白畫面呼應，使離散的缺失在畫面中與美好記憶重逢，為觀眾留下想像與詮釋的空間。 Shraddha Shrestha 為尼泊爾新銳女性藝術家，創作將傳統神祇形象以美式卡通造型重新翻玩，她將街頭藝術與傳統結合的手法，既為尼泊爾當代藝術注入新活力，也體現出喜馬拉雅地區文化與全球文化交融的盛況，新穎的表現方式也讓她的作品獲得魯賓美術館典藏。
台灣當代藝術家則游刃於傳統文化、風景與現代精神之間，藉由將日常經歷與想像融入藝術創作，對水墨題材進行解構與再提煉。柯驎晏擅長突破傳統水墨空間的模式，以人、地景與自然的結合，藉由鮮明的色彩將山水風景提升至當代的語境；蔡名璨將中式家具與文人生活的概念融入畫中，以充滿戲劇性與想像空間的畫面與水墨傳統印象產生碰撞。陳帟覠的作品融合了天然礦石與陶土，陶與礦在她的手中不僅是材料的呈現，更是時間與自然力量的乘載之器。
丹之寶藝術家以各自獨特的視角詮釋對生命之源的深刻探索，創作不僅是對傳統的反思與挑戰，更是描繪亞洲在全球化浪潮下仍保有的精神地景。
Tansbao will present the curatorial theme “The Human Spirit of Asia’s Inner Landscapes” at Art Taichung 2025, showcasing the vibrant evolution of Himalayan and Taiwanese contemporary art within a global context. Featured artists include Himalayan creators Gyempo Wangchuk, Zimbiri, Tenzin Gyurmey Dorjee, Shraddha Shrestha, and Sunny Sahil Bhopal, alongside Taiwanese artists Ke Lin Yen, Tsai Ming Tsan, and Chen Yi Chun.
Himalayan culture reflects a deep spiritual relationship with nature and the cosmos. Contemporary artists from the region skillfully integrate traditional symbols and sacred imagery, expressing reverence for natural forces and a profound awareness of cosmic harmony. Gyempo Wangchuk reinterprets Bhutanese thangka painting with bold innovations, earning him the title “Thangka Prodigy of Bhutan” and multiple international accolades. Zimbiri uses natural Bhutanese pigments to paint stylized tigers, a powerful symbol in her culture, exploring the dynamic connection between humanity and nature.
Tenzin Gyurmey Dorjee, winner of the 2024 Rubin Museum Himalayan Art Prize, blends his Tibetan-Indian heritage with global influences, using textured acrylic layers on raw jute to evoke memory, displacement, and childhood imagination. Shraddha Shrestha, a rising artist from Nepal, reimagines deities through a street-art lens, merging tradition with global pop culture. Her fresh visual language has earned her a place in the Rubin Museum’s collection.
Taiwanese contemporary artists explore the intersection of tradition, landscape, and modern identity through ink and ceramics.
Ke Lin Yen revitalizes landscape painting with vivid colors and experimental spatial composition. Tsai Ming Tsan draws from literati culture and classical furniture, creating theatrical and imaginative visual narratives. Chen Yi Chun transforms minerals and clay into poetic ceramic forms, embodying nature’s time and elemental energy.
Each artist offers a unique perspective on the human spirit and its connection to tradition, nature, and cultural memory. Together, they reflect a living spiritual landscape—one that continues to evolve amid the forces of globalization.
■ 丹之寶 TANSBAO ｜ROOM : 0808
■ Participating Artists 展出藝術家｜Gyempo Wangchuk、Zimbiri、Tenzin Gyurmey Dorjee、Shraddha Shrestha、Sunny Sahil Bhopal、柯驎晏、蔡名璨、陳帟覠、蔡名璨
■ VIP Preview 貴賓預展｜2024/7/3 (Thu) 15:00 ~19:00
■ Public Days 公眾展期｜2024/7/4 (Fri)～7/6 (Sun)
■ Opening Hours開放時間｜12:00-19:00 (7/6 至18:00)
■ Venue 展覽地點｜台中日月千禧酒店（台中市西屯區市政路77號）"
https://artemperor.tw/tidbits/18364,台灣，新北市,鶯歌光點美學館【填空題】光點新秀陶藝創作聯展,https://d2onjhd726mt7c.cloudfront.net/images/datas/000/118/124/364m27yj0q2u57od3t8fv6tc6vduhhpf_800x420^.jpg,2025-07-04 ~ 2025-07-28,新北市鶯歌區陶瓷街18號3F,https://www.miaobeiac.org/mod/course/index.php?REQUEST_ID=SAJTHC1UVXxKWXA2XS9BWQxbB0E,呂嘉凌、楊貴棻、許湘甯、張紘翔,"展覽名稱｜【填空題】光點新秀陶藝創作聯展
展覽期間｜2025.07.04－2025.07.28
開幕茶會｜2025.07.13 Sun. 15:00
開放時間｜10：00－19：00（每月一、三週之星期二休館）
地　　點｜光點藝術中心　三樓展覽廳
地　　址｜新北市鶯歌區陶瓷街18號
展覽專線｜02-2678-6577
展覽介紹｜
「對你來說，陶藝創作是什麼？」這是一個我們身為創作者時常自問的問題。展覽命名為「填空題」，期待觀者在觀展的同時，也能拋出這樣的提問給自己：「陶藝，是什麼？」我們希望這不只是一場展示作品的展覽，而是一段思考的旅程。每位觀者都能在作品與自身的感受之間，填入屬於自己的答案，靜靜地在心中寫下。不同的材料語言、手法與思維，交織出一場關於陶藝的多重對話，邀請你一起填寫這道填空題。
▌藝術家介紹 ——
呂嘉凌｜以陶為筆，為記憶築起形體
出生於桃園的呂嘉凌，擁有服裝設計與陶藝雙重背景，現就讀於國立臺灣藝術大學工藝設計系陶瓷組研究所。她的創作源自於對日常生活的細膩觀察與筆記式紀錄，將觸動心靈的片段化為陶土的語言，再次賦予回憶以形體。從《Wild Dream》雙人展到參與陶溪川與法藍瓷等國際交流，她不斷拓展視野，也將個人記憶轉化為觀者共鳴的能量。她的作品如一則則靜謐的故事，用陶土留住生活的微光，為「我」的存在找到溫柔而堅定的出口。
楊貴棻｜壓力的輪廓，從陶土中浮現
來自三峽的楊貴棻，以陶為媒介，凝視孩子在家庭與社會期待間所承受的無形壓力。現就讀於國立臺灣藝術大學工藝設計系陶瓷組研究所的她，擅長透過模製成形與異材質結合技法，展現束縛與變形的形式語彙，將心理壓迫具象化。她的創作不只是一種情緒的釋放，更是對親子關係、自我認同與文化期許的反思。曾入選法藍瓷光點計畫並多次參與陶溪川交流展的她，讓壓力不再隱形，而是轉化為陶土上深刻的肌理與痕跡。
許湘甯｜解構陶藝語彙，探索土與釉之間的可能性
出生於桃園的許湘甯，現就讀於國立臺灣藝術大學工藝設計系陶瓷組研究所，其創作跳脫傳統陶藝對材料的分類與框架，以實驗為方法，尋找介於土與釉之間的質地可能。她的作品強調材料本身的語言與變化，在一次次的對話中探索時間、記憶與消逝的流動性。曾入選臺灣陶藝獎與磺溪美展，也參與韓國、景德鎮等地展覽，她的作品既不企圖說明個人情感，卻反而以低語般的質地，引領觀者感知更深層的材料之詩與時間之歌。
張紘翔｜以身體為器皿，承載無聲的情緒記憶
張紘翔來自新北市，現為國立臺灣藝術大學陶瓷組研究所學生。他將創作視為一種內在情緒的沉澱與提煉，認為身體是儲存情緒與經驗的容器，那些未曾言說的感受，會在陶土上悄然留下痕跡。從《Wild Dream》雙人展到參與《瓷上中國》等國際展會，以及獲選苗栗陶藝競賽優選，他持續以陶為媒，記錄生活中真實且私密的片刻。同時，他亦關注3D列印技術於陶藝的應用，讓創作在當代表達與技術實驗間交織，展現出既誠摯又具未來感的藝術語言。"
https://artemperor.tw/tidbits/18084,台灣，台北市,國家表演藝術中心 國家兩廳院【2025新點子實驗場 楊乃璇《漚 少年 àu siàu-liân》】Nai-Hsuan Sunny YANG:Worn Yet Unfolding,https://d2onjhd726mt7c.cloudfront.net/images/datas/000/116/952/jtwjqp4wgvomzpcnf9l6j5ogfuqa81i0_800x420^.jpg,2025-07-04 ~ 2025-07-06,國家兩廳院實驗劇場(臺北市中正區中山南路21-1號),https://www.opentix.life/event/1894332360433307649,楊乃璇、陳薏如、張祐嘉（吊嘎）、郭爵愷、徐立恩、陳郁錡,"少年免驚漚
漚久，才會出味 ——— 《漚 少年》
每個人都有兩次生命，第一次是活給別人看的，第二次是活給自己看的。
第二次生命，常常從四十歲開始。 ——— 卡爾·榮格
「我什麼時候變成前輩了？」
我一直都是在做我喜歡的事啊，
為什麼沒有人再告訴我可以怎樣做得更好了？
於是我想到了我可以求助於ChatGPT 。
我問：「人生中既殘忍又真實的事情」有哪些？
以下是它的回應：
1. **時間不會為任何人停留**
2. **親密關係中的疏離與變化**
3. **每個人最終都必須面對失去**
4. **沒有人能永遠保證安全**
5. **每個人都會犯錯**
6. **孤獨是每個人都無法逃避的**
7. **我們﻿無法控制所有事**
8. **美好與痛苦常常並存**
我還很有禮貌地跟它說聲：謝謝，辛苦了！
過多得體但不必要的情緒勞動，經過時間擠壓、扭曲累積出的皺摺，正如同身上的贅肉，更像一條皺巴巴的抹布，持續不斷地擰扭與浸泡在日常之中。
中年危機不過是眾多危機的一種，我想用我的方式懦弱又快樂地說：
“ What is yours, will always find you.“
小事製作藝術總監楊乃璇以中年之軀、少年幻想之力
與五位新生代舞者一同「身體勞動」
邀請你走進「漚」的絕對領域！"
https://artemperor.tw/tidbits/18389,台灣，台中市,尊彩藝術中心【2025 ART TAICHUNG 台中藝術博覽會 | 展間 Room 801】,https://d2onjhd726mt7c.cloudfront.net/images/datas/000/118/202/4kdlrm8b8pkcgvueoqjzozd3dgbsx1is_800x420^.jpg,2025-07-04 ~ 2025-07-06,台中日月千禧酒店,https://www.lianggallery.com/%E9%BB%83%E9%A0%A4%E5%8B%9D%EF%BC%9A%E7%95%B6%E4%BD%A0%E7%9C%8B%E8%A6%8B%E9%82%A3%E7%89%87%E6%B5%B7/,黃頤勝,"尊彩藝術中心將於2025年七月參與ART TAICHUNG 2025 台中藝術博覽會，特別呈現黃頤勝「當你看見那片海」(HUANG Yi-Sheng: Tales from the Sea)微型個展。此次展覽延續藝術家長期以動物為視覺語彙的創作脈絡，以麻雀與海洋的奇遇為主軸，構建出一個既詼諧又深刻的寓言世界。
在「當你看見那片海」系列中，黃頤勝將城市角落的常見麻雀置入浩瀚海洋的陌生情境，創造出令人耳目一新的視覺張力。這種出乎意料的並置除了挑戰觀者的慣常認知，更邀請我們重新審視個體與宏大世界的關係，以及在無常環境中尋求自由與秩序的可能性。麻雀作為弱小生命在無邊大海中的冒險者、建構者或神話人物，成為藝術家探討存在命題的絕佳媒介。
法國哲學家梅洛龐蒂(Maurice Merleau-Ponty)在1961年提出的「超視覺」(voyance)概念為理解本展提供了重要視角。梅洛龐蒂指出，藝術家的視覺活動並非被動接收世界影像，而是透過身體經驗主動參與並重構世界的過程。黃頤勝正是通過精湛的繪畫技法實現了這種主客體交融，他的每一筆觸既是對物象的精確捕捉，也是對存在本質的深刻思考，使觀者在欣賞畫作的同時，不自覺地進入一場關於存在的沉思。
形式語言上，本次展出作品展現了藝術家對西方繪畫傳統的深厚理解與轉化。畫面中可見對波提且利等文藝復興大師的巧妙致敬，同時融入當代符號與元素，架構起跨越時空的藝術對話。黃頤勝以細緻的寫實技法描繪動物毛皮與羽毛的質感，配以明亮而層次豐富的色彩系統，創造出既親近又超現實的視覺體驗。這種精確描繪與象徵性並置的獨特美學，使抽象的哲學命題化為可感可觸的視覺經驗。
通過麻雀與海洋的奇遇，黃頤勝引領觀眾探索自我與世界、個體與集體、自由與秩序之間的複雜關係，以及在當代全球化語境下個體存在的意義與可能性。
2025 ART TAICHUNG 台中藝術博覽會
■貴賓預展
2025年7月3日（四）15:00-19:00
■公眾展期
2025年7月4日（五）12:00-19:00
2025年7月5日（六）12:00-19:00
2025年7月6日（日）12:00-18:00
■地點
台中日月千禧酒店
（台中市西屯區市政路77號）
■展間
801
■參展藝術家
黃頤勝"
https://artemperor.tw/tidbits/18381,台灣，高雄市,高雄市現代畫學會【「回聲＆時間的定格」】張裴舫 陳艶皇雙個展,https://d2onjhd726mt7c.cloudfront.net/images/datas/000/118/180/est50aw8qzkt6bymauqo08b1x5ovieeg_800x420^.jpg,2025-07-05 ~ 2025-08-24,高雄市鹽埕區大智路35巷1之1號2樓,https://www.facebook.com/maak1987/?locale=es_ES,張裴舫、陳艷皇,"張裴舫策展理念:
「回聲」系列作品對於「空間」的探索，透過畫布中的空間生成，及現實
生活場域中探索未知、安身立命、棲息、生滅之間的永恆，在虛實空間及
畫布內外間進行轉換與流動。畫面中傳遞音樂性的聲響，迴盪於虛實、內
外空間之中。透過介於真實與想像間的描寫方式，用想像的趣味消減時代
下的虛無感。
陳艷皇創作主題
「時間定格」
創作理念
1 在永恆的時間中，透過每個時間轉瞬的定格，使時間停頓挑戰時間的永
久化，及其流動性。
2 透過作品的流動性，探討時間的不確定性及脆弱性。"
https://artemperor.tw/tidbits/18380,台灣，台北市,青春雞CHING CHUN JEE【《Mutual Friends》】慾望處理場青春客廳展,https://d2onjhd726mt7c.cloudfront.net/images/datas/000/118/176/c86vjfhloao5us9od7cybmqlx4drxw1p_800x420^.jpg,2025-07-05 ~ 2025-07-20,台北市信義區吳興街359-13號1樓,https://www.instagram.com/ccjee3,陳建威Chen Jian-Wei,"《Mutual Friends》
關於慾望處理場
一開始，以為慾望的本質如同原子彈，能在短時間內快速聚集能量，劇烈升溫，最終引發一場驚天動地的爆炸，只剩下一片荒涼的景象。然而後來逐漸明白，身為人，在表現出慾望的時候，常伴隨著羞恥之感，並試圖維持一種外在的體面，好讓它看起如此美好。
據說，人類早期文化中存在一種特別的成年儀式。在洞穴裡祭司戴著象徵狩獵的獸形面具，為未成年的少年進行閹割，意圖徹底剷除他們潛藏的原始動物性，這種象徵性的儀式標誌著少年蛻變成為成熟且完整的人類。
《Mutual Friends》展覽則圍繞地下室裡某種神秘儀式展開，與慾望緊密連結。或許它隱喻著去挖掘內心深處的渴望與情感，也可能是象徵了對隱秘自我的深藏。在這樣的場域中，慾望不僅得以表露，甚至有可能被重新升華。這種儀式，也許正是內心深處的一種回應，蘊含著某種難以言喻的神秘力量。
客廳展覽資訊
時間｜2025/07/05-07/20
週一-週三 18:00-22:00
週五-週日 14:00-19:00
地點｜青春雞 B1 青春客廳（台北市信義區吳興街 359-13 號)
《Mutual Friends》
在選擇模特兒時，大多是透過社群媒體中共同朋友的關係來尋找。而透過拍攝他人的身體，也是一種調和內在慾望的過程。在這個過程中，慾望得以被轉化，甚至進一步昇華。
創作者資訊
陳建威Chen Jian-Wei
個展
2020 『the spark of lust』 良日激動所 / 台北
2016 『床邊的植物』伊日藝術計劃 YIRI /台中
聯展
2021 『直擊!真實場域の情慾流動』 路徒PLUS行旅 / 台北
2018 『口嫌體正直』 濕地 / 台北
2017 『愛情神話 | Satyricon』伊日藝術計劃 YIRI /高雄
2017 『新月球大飯店』 濕地 / 台北
從2020年開始，主要使用傻瓜相機進行創作。"
https://artemperor.tw/tidbits/18370,台灣，台北市,陳氏藝術 Chens Art Gallery【朦朧與蝕——林墨個展】,https://d2onjhd726mt7c.cloudfront.net/images/datas/000/118/147/ink0mtcr9hvus2qgeyy2w8kx63qsze3v_800x420^.jpg,2025-07-12 ~ 2025-09-13,八德路二段100號,https://www.chensart.com,林墨,"「朦朧與蝕」林墨個展 - ""Hazy & Eclipse""  Lin Mo Solo Exhibition
展覽介紹——
《朦朧與蝕 Hazy & Eclipse》中國裔西班牙籍藝術家林墨（Lin Mo）於台灣個展。陳氏藝術於此次展覽精選藝術家今年創作之十八件作品，聚焦其代表系列之一的《色皮系列 Skin Color》，透過西方繪畫的語言揉入東方藝術的神韻，一探中國海外當代藝術家對東西方藝術的「回答」。
此次展出的十八件壓克力新作，是林墨《色皮系列》的衍生創作，以壓克力皮上為基底在上面做微雕刻，是對東方水墨留白語境的再表達，讓鏤空的線條與洞點成為他獨有的藝術語言。以實驗水墨的精神，用西方繪畫媒材與表現方式，結合東方謐諭而深厚的文化語言，通过色彩明艷的壓克力顏料，在相互堆疊交加下，讓色與色的交融幻化成水墨與印象派的朦朧美。而深淺不一的刻痕與孔洞，在光與影的交織下，是林墨對華夏傳統文化「皮影戲」的致敬；同時那些被雕琢的痕跡，也是對西方主流藝術滲入東方傳統的具象，是一種西方意識對東方文化的侵蝕的質問與回答。然而，如今當代藝術的多元性早已模糊文化、風格、媒介與觀念的邊界，林墨也深信萬物縱使再多，也始終由「一」而生，因此藝術創作對林墨來說，是一種自我確認的回答與方法。
林墨的繪畫展現了生命內在的「Spontaneity」（自發性）。他以多元文化視角為基底，參含複合媒介，發展出獨特的創作方法，並透過人文精神的內在性重新詮釋傳統。他的藝術回歸到藝術家自我意識與心性的純粹表達，將創作視為生命的延伸。在當代繪畫中，林墨延續了中國傳統文化中「太極」與「道」的精神，使古老哲思在筆觸與色彩間獲得新生。
.
展期｜2025.07.12 - 2025.09.13
開幕｜2025.07.12 下午 3:00-5:00
開放時間｜每週二至週六 11:00 - 19:00
地址｜台北市中山區八德路2段100號
電話｜02-2752 2578
Date｜2025.07.12 - 2025.09.13
Openning Event｜2025.07.12  PM3:00-5:00
Open｜Tues - Sat 11:00 - 19:00
Address｜NO.100 SEC.2 BADE ROAD ZHONGSHAN DIST. 10491 TAIPEI CITY TAIWAN
TEL｜02-2752 2578
.
.
.
#華裔藝術家
#西班牙
#巴塞隆納
#林墨 #Linmo
#印象派
#實驗水墨
#壓克力
#chensart
#陳氏藝術"
https://artemperor.tw/tidbits/18086,台灣，台北市,國家表演藝術中心 國家兩廳院【2025廳院選《少年Pi的奇幻漂流》】Life of Pi,https://d2onjhd726mt7c.cloudfront.net/images/datas/000/116/955/635h7j5kxxm0p01z8vcn9pfiunwdls6j_800x420^.jpg,2025-07-17 ~ 2025-07-27,國家戲劇院(臺北市中正區中山南路21之1號，愛國東路側),https://www.opentix.life/event/1896861497753829377,楊．馬泰爾、羅莉塔．查克拉芭蒂、馬克斯．韋柏斯特、提姆．哈特利、芬恩．考德威爾、尼克．巴恩斯、芬恩．考德威爾、安德列．古爾丁、提姆．盧特金、卡洛琳．唐寧、安德魯．T．麥凱,"．李安奧斯卡獲獎電影同名之作，首度引進亞洲
．全球劇場神話，獲奧立佛獎及東尼獎八項大獎
．極致細膩巨型動物戲偶，如夢似幻視覺效果，宛如身歷其境
改編自全球熱銷1400萬冊小說《少年Pi的奇幻漂流》。2012年李安導演改編為電影，並獲得奧斯卡金像獎最佳導演。劇場版作品由編劇羅莉塔．查克拉芭蒂（Lolita Chakrabarti）操刀，今年首度登上亞洲舞台，以極致細膩的巨型動物戲偶及如夢似幻的視覺效果，橫掃美國東尼獎與英國奧立佛獎共八項大獎，今年7月於臺北國家戲劇院磅礡登場！
延續原著核心精神，故事講述少年派．莫里托．帕特爾（Piscine Molitor Patel）在一次船難中失去家人，獨自漂流於浩瀚大海的故事。他唯一的同伴是一隻名叫「理查．帕克」的孟加拉虎。在長達227天的孤獨求生旅途中，少年Pi與猛虎在微妙的平衡中共存。舞台劇透過栩栩如生的巨型動物戲偶與奇幻的視覺特效，帶領觀眾如臨其境，感受少年Pi與理查．帕克的驚險旅程，並在充滿未知與希望的藍色汪洋中，探索信仰與真相的深層意義。"
https://artemperor.tw/tidbits/18283,台灣，台南市,台南人劇團【《愛情生活》攻受版】2025謝孟庭X杜瑋哲　攻受互換　全新組合,https://d2onjhd726mt7c.cloudfront.net/images/datas/000/117/729/5hqlakcfigzqsjmzguok8qxe9h42po28_800x420^.jpg,2025-07-18 ~ 2025-07-19,臺南文化中心原生劇場,https://www.opentix.life/event/1917106254729007105,呂柏伸、許正平、謝孟庭、杜瑋哲,"2023-2024臺北24場演出　口碑爆棚　佳評如潮
2025謝孟庭X杜瑋哲　攻受互換　全新組合
後同婚時代的多劈戀曲　成婚不成家
滿滿愛意的角色互換　濃濃愛液的攻受交替
小動物們奇情又哀愁的慾室漂流
能否航向幸福快樂的小港灣？
#劇情大綱
狗，是一個背負房貸且不斷被交往多年的男友催婚的男同志；貓，是一個樂於遊牧在不同男人溫暖懷抱，卻在遇見狗之後，決定試試看定居的滋味。兩人在這個將熱戀幸福或失戀傷痕全當作是自我展演的社群媒體時代中相遇了，他們在愛情場域中的迂迴試探、猶疑閃躲，甚至是嘶吼吶喊，究竟是想嘗試在情感的廢墟中打造華麗城堡？或是一種借他人之影的攬鏡自憐？
#好評推薦
★臺北市文化局長 蔡詩萍
演技洗練，角色迷人，讓人深深感覺：「愛情這東西」，麻煩處不分異性戀、同性戀，愛在其中，癡亦在其中。
★作家 白樵
前半段邊看邊抖，因為根本是身邊太多姐妹的愛情寫實面。沒有愛得低到塵埃裡跟沒有互毆的都不算同志真愛（？） 後半段結尾直接給爆表滿分，太高級的幽默感。
★師大國文系教授／散文作家 石曉風
許正平的劇本輕鬆詼諧（還夾帶自嘲）、舉重若輕地帶出同婚及愛情忠誠度、安全感等議題，「第四面牆」拉開的後設討論，與觀眾形成了良好互動。
★藝人 阿本
極具遐想的舞臺呈現，火花四射的激情演出，挖掘愛情的各種面貌！
★劇場編導 王靖惇
台南人劇團《愛情生活》令人驚艷的杜瑋哲！ 謝孟庭打開第四面牆好中二但好好笑，一邊看腦中一邊浮現多年前王宏元跟林曉函的皇冠首演版，兩版都有各自不一樣的魅力。
★師大國文系特聘教授 陳芳
演員表現輕鬆自然，整體調度漂亮流暢。不論是同性、異性或跨性，都不影響我們對愛情的期待和嚮往。就把悲傷留在劇場，帶著歡笑去生活吧。
#關於本劇
《愛情生活》攻受版
劇作家許正平有感於2019年同婚法通過後，性別平權看似往前邁了一大步，但對同志而言，結婚是否就是幸福快樂的保固證書？當普天同慶的集體嘉年華過後，同志回到個人房間，或許才意識到擁有選擇權下的不自由，原來之前極力爭取的愛情版型似乎並不合身。《愛情生活》攻受版就是以這種「後同婚時代」的憊懶狀態重新改寫。
#製作團隊
製作人│李維睦、呂柏伸
編劇│許正平
導演│呂柏伸
舞臺設計│黃郁涵
燈光設計│何定宗
服裝設計│李育昇
音樂設計│柯智豪
動作設計│蘇威嘉
主視覺攝影│58kg
主視覺設計│郭保伸
演員│謝孟庭（飾　狗）、杜瑋哲（飾　貓）
製作經理│劉辰君
舞臺監督│邱望堯
舞臺技術統籌│陳慶洋
導演助理│陳奕愷
妝髮執行│Lisa
宣傳│林耿邦
票務會計│紀美玲
指導單位│文化部
主辦單位│台南人劇團
協辦單位│臺南市政府文化局
贊助單位│國藝會
台南人劇團為2025TAIWAN TOP演藝團隊"
https://artemperor.tw/tidbits/18428,台灣，南投縣,中台世界博物館【一瞬一旅館藏佛塔經幢特展】中台世界博物館 館藏佛塔經幢特展,https://d2onjhd726mt7c.cloudfront.net/images/datas/000/118/372/gk5o8mqjuyfqiw84xpzrntyngqsin9t7_800x420^.jpg,2025-07-29 ~ 2026-05-24,南投縣埔里鎮中台路8號,https://lihi.cc/V7fHD,中台世界博物館,"「人生如逆旅，我亦是行人。」生命無常，於宇宙間猶如一瞬，但每一瞬間都是不可重來的精彩旅程。
如果生命會無盡流轉，此期終了將去往何方？在這一瞬之旅，我們如何把握當下，又如何好好道別？佛教以「緣起」說明生命和宇宙萬物之間，相互交織、彼此影響，生滅循環如同輪轉。這樣的觀點浸潤著建築與造像藝術，無論是象徵不生不滅的佛塔、記錄修行者行誼的塔銘，還是為生者、亡者滅罪增福的經幢，都展現出對生命的關懷與智慧，蘊藏豐富的文化內涵。
此次展覽將館藏造像、塔銘、佛塔與經幢，分成四個單元：一、法界緣起；二、銘記於世；三、永恆之道；四、善住之願。以「覺者的生命教育」為核心，從「生、死和世界的關聯」到「如何面對生命的無常和懷念」，接著思考「無常中是否有永恆的存在」以及「如何把握當下」，探索覺者的生命領悟與實踐，如何超脫生死的束縛。邀請觀者在佛塔與經幢間，踏入流轉不息的世界，凝視古老的銘刻，窺見古人如何回應生命課題，啟發對我們自身的省思——如何安住於現世、善生於未來。
展覽結合手作裝置與情境體驗，搭配工作坊、講座等多元活動，讓觀眾在參與中認識塔幢的歷史與美學，開啟一場與生命的對話。
■ 展覽資訊 ■
一瞬一旅：館藏佛塔經幢特展
展 期｜2025年07月29日(二)-2026年05月24日(日)  09:00-17:00
（週一休館，連假開館時間請留意官網公告）
地 點｜本館3F特展室301B/302B（南投縣埔里鎮中台路8號）"
https://artemperor.tw/tidbits/18318,台灣，台北市,財團法人長虹教育基金會【2025 吹夢茶壺 兒童茶會】夢幻奇鏡，鐵觀音茶會,https://d2onjhd726mt7c.cloudfront.net/images/datas/000/117/875/al7j3617tst19aygxq295s2vbh98rhik_800x420^.jpg,2025-08-02 ~ 2025-08-03,臺北表演藝術中心(台北市士林區劍潭路1號),https://www.accupass.com/event/2504250812091907149370,林宇儂,"長虹教育基金會推動兒童茶會美學，打造適合7-12歲親子、獨特且童趣的藝術茶席。
今年與藝術家林宇儂共同策展，孩子們可近距離與藝術品接觸互動，邀請大家一起進劇場喝茶吃點心！
這是一場醒來後還會記得味道的夢。
以鐵觀音之夢的傳說為起點，跟著夢境的指引，一層一層地走進奇幻森林，
在藝術家林宇儂打造出的夢幻奇鏡中品嚐鐵觀音茶，你會在鏡中看見誰的夢?
－策展團隊－
長虹教育基金會 x 林宇儂studio uno
長虹教育基金會成立長虹小茶人志工社團，培育兒童社服機構及小學的孩子擔任小茶人，期望以""茶""讓孩子找到內心安放之所，豐富人生滋味，同時傳遞奉茶感恩心的意義。2023年起獨創融合藝術展演的新型態兒童茶會《吹夢茶壺》，於臺北兒童藝術節期間展演，獲得多方好評，希冀增進大眾對於臺灣茶文化的認識與欣賞，也投入對兒童的關注。
重要經歷：
2023-至今《吹夢茶壺》系列:三個氣球人的烏龍茶會、動物藝家 森友茶會
2023年8月 威尼斯建築雙年展平行展《+++TEA SPACE 循環茶事》兒童茶會
公益合作：國際大提琴家簡碧青、瑞士作曲家法比安·穆勒合作《茶之樂》音樂茶會、臺灣大學農業經濟學系「未來展演場」兒童公益茶會、臺北市藝術統合教育研究會公益茶席等。
藝術家林宇儂以"" 為孩子，也和孩子一起設計 ""為宗旨，開啟用""設計參與並支持兒童文化""的新興領域－「兒童文化設計（Child Culture Design）」，成立與諾文化設計(studio uno)，專注於發展兒童、親子為對象的裝置藝術、工作坊及展覽，推廣倡議兒童美感及設計教育與兒童權利等議題。
重要經歷：
2025年 文化部國家兒童未來館籌備處 『我想在兒童未來館這樣玩』及『認識建築．向下扎根』工作坊
2024年 桃園市兒童美術館、桃園市立圖書館總館兒童工作坊及營隊
2022年 國立臺灣美術館之臺灣兒童藝術基地策劃創作首檔教育展「你看!? Look!?」
－團隊名單－
❙長虹小茶人❙ 吳沛儒、林佩汶、陳思晴、黃羽萱、蕭婧、詹茗茗、許恩瑜、張劭擎、劉冠宏、陳品合、戴千賀、戴子翔
❙茶席策劃❙李如華、吳台琪、林姵君
❙合作藝術家❙ 林宇儂(Uno Lin)
❙主視覺❙ 與諾文化設計
❙指導單位❙ 教育部
❙主辦單位❙ 財團法人長虹教育基金會
❙協辦單位❙ 長虹建設股份有限公司"
https://artemperor.tw/tidbits/18404,台灣，高雄市,高雄市新浜碼頭藝術學會【光技．光藝  —展覽燈光技術課程】光技．光藝  —展覽燈光技術課程,https://d2onjhd726mt7c.cloudfront.net/images/datas/000/118/248/fb46tztpjg9z4515p34vkcvd4l5bhcr1_800x420^.jpg,2025-08-09 ~ 2025-08-17,大勇路64號2F,https://l.facebook.com/l.php?u=https%3A%2F%2Fforms.gle%2FNjEWxLu5MY9s58NSA%3Ffbclid%3DIwZXh0bgNhZW0CMTAAYnJpZBExMVpHREt6MGJ2c25TakxvcwEeyYtnYUTEMtRCZgs-Oxl5FUEewlH4mlMIKk-H0OB9if_jqX7tWWqRVGWauV8_aem_rFhLaaNJYwu6oYccpDr4-A&h=AT30b5nRfF3K9r-YGffR8zMKEpYvzAKshigSARJIDHpux7GzYswE71a5dpX1GdYhbMElMwvRf_dotp5HKnPYlVMo96pvQfT6cpZsngCf25PcP0Y1Fajz94B4zIrwrijmar9JjGhy5sFMgQrCKTIZ355w1HyVpMen&__tn__=-UK-R&c[0]=AT0Uy6UevUS04gA9aK_ksez2oKL_5ZIl0wV73sYUV43YZmUtgiyhQz1l6swoUR--zI-RD5NyKxf_FYt0GSUsV23rGFcDgbAq9vzLZMGwLlaUkqdNeoPIh6jkue-qND0k7RVbuGhWnjk2XUyHcbdrG5V2iKrDCrl1myO8YN8msoJqXgNmtVVCGkf0pLb2ZAci8PiZSO8EFscoMpAA9EGmzMjgRFpy,新浜碼頭藝術空間,"本次邀請到絕對光度阿嵐(劉欣宜)講師透過4堂理論課+2堂實戰課程，提供新銳藝術家、藝術相關科系學生、藝術工作者，滿滿的燈光技術大補帖，讓你的作品透過燈光的加成，提升藝術表現力！
此課程依內容分為基礎、進階與實作，提升藝術家與展覽工作者的專業能力。本課程內容涵蓋從燈光基礎知識到展覽實作的完整學習架構，讓學員不僅能理解理論，更能透過實際操作，在真實的展覽場域中應用所學。"
https://artemperor.tw/tidbits/18406,台灣，台北市,台南人劇團【《Reality No-Show》─改編自真實故事】《Reality No-Show》adapted from a true story,https://d2onjhd726mt7c.cloudfront.net/images/datas/000/118/256/3r182m5natx1io3d7z8urvy8g7whk512_800x420^.jpg,2025-08-28 ~ 2025-08-31,臺北表演藝術中心 球劇場,https://www.opentix.life/event/1925010329856925697,蔡柏璋、呂柏伸、台南人劇團,"2023年 首輪10場演出，觀眾驚呼連連  口碑盛讚延燒！
2025年 原班人馬再次回歸  5場演出ONLY！
真相的謊言，謊言的真相，當每個人都在說謊，你還能相信什麼？
蔡柏璋睽違臺灣劇場多年的最新力作。全劇的敘事結構以電影鏡頭的zoom out加以編排，層層交織出幾組互有關聯的角色，各自「虛構真相」的故事，燒腦情節不斷翻轉觀眾對真相的理解，同時也引領觀眾思辨與探究當前社群年代的真假虛實。
故事層層疊疊，不斷翻轉再翻轉，
真相無處不在，唯獨不在戲裡。
《Reality No-Show》劇中每個角色，為了各自不同的目的，不斷虛構故事、編織謊言。邵辰曄原本出租Caspar當他的情人，之後卻不斷追問起Caspar的真實身份；編劇傅若言從未見過自己的父親劉憶，卻在他把邵辰曄和Caspar的故事翻拍成電影後，偶然下聽見了父親的聲音；變性人Diva完全不相信愛情，卻主持全國收視率第一，專門幫人尋找soul mate的實境秀節目；直播主徐曉寧為了狂刷自己的存在感，竟與八面玲瓏的經紀人瑪丹進行一場出賣靈魂的交易；知名喜劇演員詹姆士因演出同志角色一炮而紅，但他急於擺脫被定型的困擾，卻因為一件性侵醜聞而讓自己成為最不想成為的那種人。
#演員（依姓氏筆劃排序）
王宏元、李少榆、崔台鎬、張家禎、曹瑜（哈利）
凱爾、買黛兒．丹希羅倫、謝孟庭
#特別演出  蔡柏璋
#2023年首演好評推薦
●劇評家 陳正熙：就演出效果而論，《Reality No-Show》有明快的節奏，流暢的場面調度，和精彩的語言交鋒，編、導、演、及設計群的整體表現，共同創造了豐富的劇場景觀，和多層次的娛樂效果，既有誇張諧擬的瘋狂喜鬧，也有低調溫柔的浪漫與悲傷，有效再現當代社會現實，也隱約寓含批判的意圖，值得肯定。最後一段戲中戲／戲外戲的翻轉顛覆，自我解構，更印證了編劇蔡柏璋掌握運用劇場語彙和形式的能力，詰問辯證的深度。
●師大國文系特聘教授 陳芳：《Reality No-Show》是一齣關於愛、孤獨、寂寞、真相／謊言、記憶、扮演、創作、性別等各種議題的後設大戲，也是這個年代人人都可以在其中找到共鳴的佳作。
●配音員/Podcaster/劇場演員 賈文青德仔：非！常！好！看！整場止不住的拍案叫絕。舞臺、燈光、多媒體水準都很高，幾乎是教科書級的表現，讓我在心裡大喊：對啊！影像就是要這樣用啊！
●詩人 陳昭淵：超好看～聰明、精彩、暢快，總在入戲最深的時候，被現實亂入，每一秒都讓我動情，所以我相信這齣戲每一秒都是真的！
●名主持人 小樹：《Reality No-Show》也許沒有真相，在頗為豪華的製作中，倒是四處可見蔡柏璋的真心。
●電影導演 林書宇：精彩的演出，絕妙的後設，每位演員都好厲害！蔡柏璋果然不會讓人失望！
●影視經紀人 Rick：《Reality No-Show》是一齣讓我不會查覺球劇場座椅困擾的好戲！
●首演觀眾：太強了！作為觀眾，可以說是被翻來覆去地玩弄又心甘情願地接受！
●首演觀眾：看完覺得不枉多年的等待，這齣戲就像蔡柏璋寫給觀眾的情書，除了滿滿的彩蛋，也充滿許多對生命與現實的叩問。
#製作團隊
製作人│李維睦、呂柏伸
編劇│蔡柏璋
導演│呂柏伸
舞臺設計│李柏霖
服裝設計│李育昇
燈光設計│鄧振威
影像設計│王正源
音樂設計│徐啟洋
音效設計│鄭嘉富
動作設計│蘇威嘉
主視覺設計│郭保伸
主視覺攝影│陳又維
製作經理│劉辰君
舞臺監督│林岱蓉
舞臺技術統籌│劉柏言
燈光技術統籌│周俁辰
音響廠商│唐宋音響
導演助理│陳奕愷
妝髮造型│Teddy Cheng、吳曉芳(Sarah)
服裝管理│林昕誼、董譯嬪
宣傳│林耿邦
票務會計│紀美玲
指導單位│文化部
主辦暨演出單位│台南人劇團
贊助單位│國藝會（台南人劇團為2025 TAIWAN TOP演藝團隊）
本作品為廣藝第四屆【表演藝術金創獎】金獎作品
本節目2023首演為臺北表演藝術中心共製作品"
