Link,Place,Title,Image,Date,Location,InfoLink,Member,Article
https://artemperor.tw/tidbits/18337,台灣，台中市,財團法人英才文教基金會【「你在與誰說話呢？」-林政融漆畫創作個展】,https://d2onjhd726mt7c.cloudfront.net/images/datas/000/117/963/jtlv9zted70rczxt1nqrs450g2ov22yo_800x420^.jpg,2025-06-02 ~ 2025-06-25,台中市西屯區府會園道179號4樓(緊臨新市政中心),http://www.foundation.org.tw/_bin/,林政融,"「你在與誰說話呢？」-林政融漆畫創作個展」訂於2025年6月2日至6月25日（週一至週五）AM9:00~PM12:00/PM13:30~PM17:00在財團法人英才文教基金會全球藝術中心（台中市西屯區府會園道179號4樓）展出，開幕導覽訂於6月5日（週四）下午2:30舉行，誠摯邀請愛好藝術的朋友蒞臨參觀指教。
畫家林政融自大學時期於翁美娥與許坤成教授的漆畫課程學習，至今已持續漆畫創作八年，剛開始他並不著重技法，創作時總是以想要表現的畫面或想法為主，漆只是媒材；研究所畢業後回到豐原，體悟漆畫是漆工藝的分支，傳統技法還是非常重要的基礎，於是又跟著陳永興老師學習技法，至此漆的使用與表現更加自由。
天然漆溫潤的質感與雋永的色澤相當吸引人，但漆畫的製作時間漫長，塗過漆的胎體要經過反覆多次的髹塗，創作者需以無比的耐心去等待與描繪，最後才能產生層次豐富與色澤華麗的作品。林政融的創作方式，是以半透明琥珀色作為基調，結合線條與象徵性符號，將內心感受像說故事般的融合進畫面之中，此外也持續嘗試漆的其他表現方式，讓漆畫創作有更多的可能性。
林政融具插畫風格的作品意涵豐富，欣賞每一幅畫作就如同閱讀不同篇章的小故事般引人入勝。本次展覽「你在與誰說話呢？」是希望藉由作品與觀者之間產生對話，無論是否與創作者產生共鳴，每個人都能在觀看時得到不同的感受，經由不同的角度，讓作品有更加豐富的詮釋。"
https://artemperor.tw/tidbits/18338,台灣，台北市,金車文教基金會【張競芝 創作個展｜∞無垠】Chang Ching-Chih Solo Exhibition: ∞limitlessness,https://d2onjhd726mt7c.cloudfront.net/images/datas/000/117/974/twkptvktxwu65z0vbp7bm3y7s1a837q8_800x420^.jpg,2025-06-03 ~ 2025-07-13,金車文藝中心 臺北南京館,https://www.kingcarart.org.tw/exhibitions-detail/227 ?,張競芝,"∞藝術家介紹
張競芝現為臺藝大工藝設計學系碩士生。專注於陶藝與工藝創作，她擅長以繩結、盤繞與裂痕為語彙，探討記憶、身體與情感的交織關係。曾獲第五屆臺灣青年陶藝獎首獎，同時參與多項國內外陶藝展覽與文化交流計畫。
∞展覽介紹
本次個展創作源自於莫比烏斯環與紐結，以陶瓷作為表現媒材，試圖探索人類情感、記憶與時間的連結。莫比烏斯環以其單一曲面與無限循環的特性，象徵著無窮無盡的連續性。在中文語境中，無窮對應「無垠」，而「垠」字又可拆解為「土」與「艮」──「土」象徵大地、來源與根基，「艮」則有堅固、穩定之意。這樣的文字結構，恰巧呼應了陶瓷從泥土蛻變為堅硬器物的過程，蘊含著對生命循環與永恆性的哲思。
∞展覽資訊
張競芝 創作個展【∞無垠】
Chang Ching-Chih Solo Exhibition: ∞limitlessness
展期：2025.06.03 (二) – 07.13 (日)
開幕：2025.06.07 (六) 下午 15:30
地點：金車文藝中心 臺北南京館（臺北市南京東路二段1號3F）
主辦單位：金車文教基金會/金車文藝中心KCCA"
https://artemperor.tw/tidbits/18292,台灣，苗栗縣,苗栗縣苗北藝文中心【入木三分】精選木雕作品展,https://d2onjhd726mt7c.cloudfront.net/images/datas/000/117/770/e7hunxz9vyhiaz2f57o8rsltxwpbwchq_800x420^.jpg,2025-06-04 ~ 2025-06-29,苗栗縣竹南鎮公園路206號--苗北藝文中心,https://www.miaobeiac.org/mod/course/index.php?REQUEST_ID=SAJTHC1UVXxKWXA2bhRgElEGQ0QhFkRxW1UhITglTCAFVwxLKA,策展單位:苗栗縣苗北藝文中心,"精選木雕作品展
木頭的特性受到自然環境因素的影響，包括地理位置、溫度冷暖、乾燥潮濕、向陽與否等因素，並反映在樹木年輪中的歷史記憶上，進而塑造出每棵樹木獨特的質地、紋路和生長姿態。這種個性化的特質在被用於創作材料時，自然地與藝術家產生對話，成為藝術作品的一部分。因此，以木頭獨特的肌理、色澤和質感為載體的雕塑創作，既是木雕藝術的特色，也是藝術家對木材的詮釋和賦予。
苗北藝文中心特別從三義木雕館精選數件參與木雕藝術研習營的精選木雕，從這些作品中，可以感受到藝術家對木材的深刻認識與生活體悟體現在每一道刻痕中。這些作品豐富的造型述說著多姿多彩的情感，透過木材的質地、雕刻的紋路以及手感的痕跡，向觀眾傳遞著獨特的美學韻味。"
https://artemperor.tw/tidbits/18359,台灣，新竹市,國立新竹生活美學館【星空】鍾復榮個展,https://d2onjhd726mt7c.cloudfront.net/images/datas/000/118/066/brbm1s44nikoy8fxce1hpwdwl670ard3_800x420^.jpg,2025-06-04 ~ 2025-06-29,國立新竹生活美學館 藝海閣（300新竹市武昌街110號）,https://artlight.nhclac.gov.tw,鍾復榮,"文化部所屬國立新竹生活美學館「璞玉發光-全國藝術行銷活動」致力於扶植潛力藝術家，展覽支援計畫提供檔期予比賽得獎者作品展覽之機會，本檔展出者為109年比賽得獎者。
仰望夜空，可見無數星辰。廣闊的宇宙是這些星辰的家，我們的地球只是這個大家庭中的一員，我們是孤獨的嗎？星空之中還有其他生命和文明嗎?其他星球是否有著與地球相似的地形、地貌、海洋和天空?相信這些問題讓很多人著迷。每個星球都是獨一無二的，可能有著與地球不同的山脈、河流，甚至生命和文明。星空的無數星辰給予我們無窮的想像空間。
鍾復榮的「星空」系列作品，深受對日、月、星辰壯麗圖像的好奇及幻想的啟發，他使用日常容易取得的油臘筆、油性鉛筆和原子筆為繪畫媒材，讓畫面產生了豐富的層次以及視覺吸引力的效果，以浩瀚的宇宙太空星球之科學元素，注入人文景物的藝術美學，兩者融合成異次元新視覺藝術的創作，傳達宇宙萬物，循環與生生不息的意念。
藝術家簡歷-
鍾 復 榮 ( 1946年生)
專業畫家, 出生於臺灣屏東縣。國立藝專肄業, 從事藝術創作以及美術教育多年, 多次參與個展及聯展, 作品獲得美術館典藏及私人收藏: 1973年台北市國軍文藝活動中心個展, 1975年華崗博物館油畫典藏, 1976年台北畫協會年度聯展, 1988年屏東縣美術協會年度聯展, 2001年屏東縣立文化中心個展, 2004年屏東縣東勢國小鄉土畫展, 2017年屏東縣內埔鄉圖書館鄉土畫個展, 並獲得2020年璞玉發光－全國藝術行銷活動入選獎, 2024台北新藝術博覽會入選參展。
展覽資訊-
展覽名稱：「星空」鍾復榮個展
時間: 2025/6/4(三)-6/29(日) 9:00~17:00(週一休館)
地點: 國立新竹生活美學館 藝海閣（300新竹市武昌街110號）"
https://artemperor.tw/tidbits/18291,台灣，苗栗縣,苗栗縣苗北藝文中心【「彩繪人間－朱銘雕塑特展 」攝影活動得獎作品展】,https://d2onjhd726mt7c.cloudfront.net/images/datas/000/117/870/i3y1ezs35xo7bmp8bq50hg76n9nta3ud_800x420^.jpg,2025-06-04 ~ 2025-06-29,苗栗縣竹南鎮公園路206號--苗北藝文中心,https://www.miaobeiac.org/mod/course/index.php?REQUEST_ID=SAJTHC1UVXxKWXA2bhRgElEGQ0QhFkRxW1UhITglTCAFVwxLJw,策展單位:苗栗縣苗北藝文中心,"「彩繪人間－朱銘雕塑特展」為朱銘老師於家鄉苗栗的首次個展，同時也是苗北藝文中心首次舉辦攝影徵件活動，邀請觀展民眾拿起相機，以鏡頭記錄朱銘老師「人間系列」作品中蘊含的人情與藝術精神。
本次攝影活動主題多元，民眾可依「最佳人間特寫獎」、「最佳人間溫暖獎」、「最佳人間風景獎」、「最佳人間服裝獎」、「最佳人間搞笑獎」等方向創作。展覽將展出29件獲獎作品，歡迎大家蒞臨觀展，透過不同攝影者的眼睛，一同回顧「彩繪人間－朱銘雕塑特展」帶來的感動。"
https://artemperor.tw/tidbits/18262,台灣，台北市,國家表演藝術中心 國家兩廳院【2025管風琴推廣音樂會《音樂大師的管風琴情書》】2025 Mini Organ Concert: The Organ Love Letters of Great Musicians,https://d2onjhd726mt7c.cloudfront.net/images/datas/000/117/640/bnj9whlaehput0x9v6sa1pffacoc775d_800x420^.jpg,2025-06-04 ~ 2025-06-04,國家音樂廳(臺北市中正區中山南路21-1號，信義路側),https://www.opentix.life/event/1871872662289223680,余曉怡、穆福淳、林文謙、邢子青,"從大師之作中，感受愛的雋永！
6月的管風琴音樂會將樂曲化爲一封封穿越時空的情書，帶領我們游歷巴赫莊嚴肅穆的宗教聖詠、阿爾布雷希伯格結構嚴謹的對位藝術，到法朗克溫暖浪漫的旋律、日本作曲家新井滿充滿生命力的頌歌。
本次演出將由管風琴家余曉怡與大提琴家林文謙豐富多變的演奏，與柔美細膩的歌聲交融，在溫柔對話中，引領聽眾進入古典樂獨有的情感世界。
這不僅是一場管風琴音樂會，更是一次情感與文化的深度探索。理性與情感、歷史與當代、東方與西方，在音樂中完美融合，構築出一場既有深度又充滿情感力量的音樂饗宴。"
https://artemperor.tw/tidbits/18339,台灣，高雄市,承藝術股份有限公司【ArtIN 國際藝術博覽會】ArtIN International Artfair,https://d2onjhd726mt7c.cloudfront.net/images/datas/000/117/979/kkdzxz2wg7oec3odedgc3acts6urzhan_800x420^.jpg,2025-06-05 ~ 2025-06-08,高雄港旅運中心,https://www.artinartfair.com/zh,Arkiv Vilmansa、LeMoi、戴明德、 Alan Chen、蕭聖儒、廖堉安、李再然、陳麗昕、Mia Nel、林嬋嬋Falling Cyan、木村達彥Tatsuhiko Kimura、Kim Minju、Rachel Wong、Ai Fumaki、Amy Kim、Pollyanna、MooA Lee、Junichi Ito、Thehumble.Ant、Samatha Redfern、Angel London、Mila Alexander、Jongkie,"ArtIN 國際藝術博覽會 2025
「藝術的未來，由你來定義」
日期：2025年6月5日－8日
地點：高雄港旅運中心
一場跨越界限的藝術盛宴，即將點燃你的感官與想像！來自全球 50+ 頂尖藝術家 齊聚高雄，攜手打造一場前所未有的藝術盛事！這裡不僅有國際畫廊的經典之作，更有 獨立藝術家的原創力量，讓台灣本土創作與世界藝術潮流碰撞與交融。
四大展區，開啟藝術新維度
•    沉浸式藝術體驗：帶你走入奇幻的清明上河圖世界，感受藝術與科技的完美融合。
•    國際大師裝置展：近距離欣賞知名藝術家的震撼立體創作。
•    台灣新銳特區：發掘本土藝術家的獨特視角，見證台灣創意的無限可能。
專屬貴賓活動，打造頂級藝術體驗
•    拍賣晚宴：品味奢華晚宴，競標獨家藝術珍品。
•    「威士忌 x 藝術」品鑑沙龍：在醇酒香氣中，與藝術家暢談創作靈感。
•    「藝術投資秘笈」稅務講座：專家解析藝術品收藏與資產規劃的關鍵策略。
•    「生活美學顧問」服務：為你的居家空間量身訂製藝術收藏方案。
你準備好重新定義藝術的未來嗎？歡迎搶先體驗藝術的無限。
購票網站：https://www.accupass.com/event/2503260609071547541589
主辦單位：ArtIN
合辦單位：承藝術
協辦單位：承億酒店、承億建設"
https://artemperor.tw/tidbits/18368,台灣，台北市,"國立臺北藝術大學關渡美術館【版畫人生，純屬虛構。—池枻龍個展】Prints of a Life, Purely Fictitious-CHIH, YI-LONG Solo Exhibition",https://d2onjhd726mt7c.cloudfront.net/images/datas/000/118/128/n1be4gymrwsoas55myjskov0yi8b42if_800x420^.jpg,2025-06-06 ~ 2025-08-10,國立臺北藝術大學 關渡美術館,https://kdmofa.tnua.edu.tw/mod/exhibition/index.php?REQUEST_ID=e1626ae68798853bcff9a390f902a9dff62b3a80530de57c6f0645ed06f05886,池枻龍,"︱展覽介紹︱
重複的痕跡未必出自同一隻手，記載的過往正被他人以另一種語氣讀出來。我們被教導如何不斷向前行走，但沒有人教過我們如何回頭檢視足跡。當停下腳步，時間轉身，情緒褪色，曾經的困擾都成了後人正在面臨的問題。
夢裡的房間陌生得恰當，光線知道你不是這裡的主人，但也沒有趕你走，任你自由撿拾滿室破碎的片段人生，當語言開始滲入日常的物品，而你不小心參與了部分，不是對錯的問題，而是當你窺探他人的時候，那東西也正凝視著你。
世界在擬仿，你以為是活出自我，其實只是在複印相同的人生。某些問題無人回答，因為問的人也早已忘記了自己當初為何提問。如果你在某個角落停留得夠久，也許會發現自己其實也曾經是被書寫的角色。
︱藝術家簡介︱
池枻龍的創作關注於版畫的觀念，探討其間接、複製與規範性質，並將版畫語彙延伸至社會學與認知論的範疇，透過細膩而詩性的表現，融合「版」與「畫」的界線。此外，藝術家思考「無形的版」概念，嘗試印製出無形卻可被意識到的物體，拓展當代版畫的各種樣貌。"
https://artemperor.tw/tidbits/18367,台灣，台北市,國立臺北藝術大學關渡美術館【藍門後的光—張庭甄個展】Under the Front-door-Chang Ting Chen Solo Exhibition,https://d2onjhd726mt7c.cloudfront.net/images/datas/000/118/127/xy9z2h4r5bt6zq326guxfn78n7sp9oe5_800x420^.jpg,2025-06-06 ~ 2025-08-10,國立臺北藝術大學 關渡美術館,https://kdmofa.tnua.edu.tw/mod/exhibition/index.php?REQUEST_ID=e1626ae68798853bcff9a390f902a9df1ab3ac9cccc3890e7df5990a6ed24d06,張庭甄,"︱展覽介紹︱
《藍門後的光》是以我祖父為核心開展的一場記憶撿拾行動。透過舊家屋的3D掃描影像、祖父的教職紀念合影，開啟了我對於所處現實的探索。本展聚焦於家庭記憶與代際身分之間的斷裂與連結—當對話與詮釋重新發生，作為參照的影像便成為了個人與歷史之間的「測量儀」。
創作的起點，來自我試圖以3D掃描技術記錄並保留即將被拆除的祖父家屋時所遭遇的困難。由於現場光線不足，掃描結果呈現出殘缺、飛散與錯位—這種難以還原的現實，與我印象中祖父的形象產生了強烈的矛盾，那曾籠罩整個空間與家族的堅實權威，正隨著破碎的影像一同消逝。更令我困惑的，是那些與記憶相悖的事實：這位在日本殖民教育體系中成長、曾任國小校長的威嚴長輩，卻在過往的教職合影中身影被旁人遮蔽，在歷任校長的史料中亦難覓其名。種種的遮蔽與缺席，使我不禁懷疑：關於祖父身影的真實究竟存於何處？
展覽包含多頻道錄像裝置、攝影與雕塑，透過3D模型、歷史照片與父親訪談等多重敘事的交錯，構築出一種介於實體與殘影、記憶與再現之間的觀看經驗。在私密語言與集體影像之間建立對話，進一步反思「祖父—父親—我」之間所織構的教育傳承與連結，回望我於家族體制中的觀看位置與角色轉譯。
本展《藍門後的光》，既是對親人形象的追索，也是對個人位置的自我提問。如同那張民國六十二年的教職合影中，遠處站在教室二樓廊邊的小孩們—他們見證了合影的現場，也目睹了鏡頭無法捕捉的人群背面。而我，或許正是那群孩子之一，站在視角的邊界，試圖在遮擋與隙縫間，讓視線重新交會。
︱藝術家簡介︱
張庭甄，1995 年生於嘉義，2023 年畢業於國立臺北藝術大學美術系碩士班複合媒體組。創作實踐涵蓋平面攝影、錄像、影像拼貼、現成物與立體裝置，關注影像在空間與物質性之間的延展特性。作品多從個人成長經驗、家庭影像與所處環境出發，透過掃描、拼貼與觀看的操作，將影像視為可被構築、干擾與介入的材料，展開敘事的再延與重組。曾赴捷克布拉格藝術學院交換，2023 年獲選北藝當代創作獎優選，並參與多項國內外展演，作品曾於臺灣、希臘、瑞士等地展出。"
https://artemperor.tw/tidbits/18366,台灣，台北市,國立臺北藝術大學關渡美術館【遺物址—美術館尋常空間展示計畫】Residual Site-Exhibiting Objects in the Museum Spaces in Between,https://d2onjhd726mt7c.cloudfront.net/images/datas/000/118/126/7lk4j6gvu4zr8fxk05tjo8lnyb95naz0_800x420^.jpg,2025-06-06 ~ 2025-08-10,國立臺北藝術大學 關渡美術館,https://kdmofa.tnua.edu.tw/mod/exhibition/index.php?REQUEST_ID=e1626ae68798853bcff9a390f902a9df97af5c7fca776fbbb9bd814d87bed159,安西剛（Tsuyoshi Anzai）、吳柏葳、張徐展、陳呈毓、陳為榛,"︱展覽介紹︱
「在這裡所有的一切都標示著，藝術的世界是相對於日常生活的世界，就如神聖者是相對於世俗者一般。不准觸摸物件的禁令、加諸於參訪者身上宗教般的肅穆氣氛、館內總是稀少且不舒服的設施所暗含的清教徒禁慾作風、近乎有系統地拒絕給予參訪者指導的作法、其內裝潢與施行儀式的莊重肅穆感覺……從裡到外，每件事物似乎都是用來提醒人們：從世俗領域移轉到神聖領域……」--- 布赫迪厄（Pierre Bourdieu）
美術館是「物」所能發生最大質變之處，常見之物在場所的差異下，而有了不同的價值、意義；同樣地，美術館也是包含眾多異質性之物進出之處，在其有限的規範內，藝術家藉由各種裝置的想像，將物重新賦予意義。對物的操作從早期的平面、雕塑、器物，到當下的作品卡中，材質一欄成為無限擴張的集合體。此次實驗計畫預計透過物的種種型態的討論，在多元卻有相互連結的當下美術館之物中，重新思考審視物的樣貌、物的型態、物的乘載。
被視為是神聖空間的美術館，儀式性強烈，觀眾在其間有著非日常的動作、行為，諸如：輕聲細語、手交叉於後背、慢步伐，在作品前的駐足停留，將視線掃射於物件、圖面之上。這是美術館空間所具有的神聖性，空間賦予了物、賦予了人的特殊的狀態，物有了多於物，抑或無關乎物的意義，人有了感受、詮釋這些存在於空間中的特殊物的意義。
在展間與展間中、作品與作品中的，走在美術館內卻常忽略了那些我們經過卻不在意的尋常空間。推開入口的玻璃門、傘架、地墊、櫃檯、儲物櫃、過道、樓梯、樓梯扶手、儲物間、消防設備及廁所等等，這些邊角空間既屬於美術館亦也不屬於美術館。這些特異於展間之外的邊角，則是我們能進一步思考美術館與作品關係的空間。
此次計畫預計邀請多位空間裝置型的藝術家於美術館內的非展示空間，找尋創作物與日常空間如何對應的虛實世界。展示空間是實現想像的空間，真實物、虛擬物的反覆相應，在空間中能不斷地被觀看重解物的意義。而那些將人拉回現實的空間，入口處、櫃檯、過道等等，這些空間不具有展示的意義，也就沒有了幻化這些邊角空間的神秘力量。此計畫預計邀請當代藝術家對應著關渡美術館內部邊角的存在，將過往裝置作品以重新裝置的方式，呈現在美術館的邊角，藉此思考藝術家、物與空間的多重、多樣關係。
藉重新詮釋這些被美術館遺留的空間，物件失去意義或重新被賦予意義。從中探討作品與物、物與空間、人與物的多樣繁複的宇宙。「物無非彼，物無非是。」人如何思考物的存在，物所建構的多重性，藉此計畫去思考空間與物的交互下多樣的可能與意義。
︱作品介紹︱
安西剛《巨型微塑膠懶骨頭》︱布料、廢棄塑膠，尺寸依空間而定
「巨型微塑膠」是一項結合雕塑與攝影的計畫，旨在透過各種方法將微塑膠的碎片放大至巨型尺寸。此計畫試圖將微塑膠污染轉化為紀念性藝術作品，以引起大眾對其環境影響的關注。此次展出的《巨型微塑膠懶骨頭》為此計畫之作品，透過蒐集周遭廢棄塑膠裝置於印製微塑膠的懶骨頭椅套，展期間懶骨頭將會隨著蒐集的數量而逐漸擴大。
吳柏葳《看他一臉扁平》︱水性漆、壓克力彩、PVC塑膠布，84.1x59.4 cm（主視覺）、250x100 cm（觀賞植栽）、250x130 cm（紅龍）、250x130 cm（人像）
當繪畫的框架消失，畫面的空間意識被拓展到整個展覽場所，失去軀幹的繪畫將四肢延伸到時間、空間與觀者之中，繪畫施作的媒材、技術與邏輯將不斷產生既複雜又富動能的問題意識。畫的支撐物是建築，基底材是一切可依附的物質，場所的燈光及觀眾都會是畫面內容的構成要素之一。吳柏葳揀選了展場裡重複出現的物件以及（可能）佇留現場的人作為繪畫的對象物，再根據藝術展演機制中標誌性的人事物配置，以噴漆的方式製造一層又一層的模糊幻象，在晃眼間充滿份量。於是觀眾如何觀看這樣的繪畫作品成了展覽的核心，藉由觀看時的模糊清晰與延展開的身體感，引導觀眾闖進模糊的群眾之中，處處看他／她／它一臉扁平。
張徐展《明鏡系列-扁老鼠》︱金屬線、報紙、糨糊、塑膠珠子、黏土，21x8x2 cm
「看進鏡子裡，似乎能更明白自己的存在。」
在張徐展工作室附近，常常見到在城市裡生存而失足的動物屍體，各種形態一片一片的，像似又不似的畸零形狀，被乾曬在馬路，任身旁的世界流動，感覺像在一套遊戲裡，生命已經結束，但發現自己身體卻仍然在原地，等待時間結束，等待這世界登出。
陳呈毓《執念之團》︱矽橡膠、馬達及控制模組，25x25x25 cm x兩件
在水與電交混的濕潤大氣中，反覆摳挖過程中掉落的皮質與油垢，順著指尖慣有的摩擦路徑不斷累積，皮屑殘存的零碎記憶攪和著從地底滲出的生質能源以及礦石碎屑，聚集黏合成如同排水管道中的顫蚓團，沿著情緒的執念持續的顫動。
陳為榛《銀灰塵：鐵捲門》︱木、壓克力彩，260x93 cm x木板兩片
以鐵捲門為對象繪製等比例的圖像，從安裝的形式上試圖與真實物件混淆： 一幅畫或是一扇鐵捲門？金屬色澤在畫面中呈現對實物的描繪，但同時色彩的排列也形成了一種抽象繪畫的可能。透過落在物質上的光影，可以從不具備立體維度的影子中，看見它作為平面的事實。
︱藝術家介紹︱
安西剛︱日本當代藝術家，現居於千葉縣。他的作品探索人類／非人類視角間的相互作用。轉化現成的塑膠物品（日常用品、丟棄的廢棄物），挑戰塑膠物質性和功能性的傳統。藉由剝奪人工物的原用途，安西促使觀者重思自身與物質世界的關係。他的動態雕塑由普通物品組成，以意想不到的方式運動，模糊了有／無生命的界限。此外，他亦利用從海岸線收集微塑膠垃圾，將其重構為未來某個非人類實體研究的考古文物，藉此邀請人們反思人類活動對環境的影響，從消費、廢棄的演變故事。
吳柏葳︱吳柏葳創作關注當代繪畫的操演手法，以及其回應影像的螢幕視覺經驗。作品常以繪畫媒材、建材及特殊塗料，在現地製作與架上繪畫的框架間擺盪，回應觀者與繪畫作品的特定觀看機制，同時藉由特定圖像之於空間的介入，在觀念與形式操演的過程中，探索當代繪畫的可能性。
張徐展︱張徐展以動畫與錄像裝置作為藝術創作的實踐，並長期探索動畫作為擴展觀影經驗的各種可能，擅長揉合擴延電影、實驗動畫、裝置、大型多頻道投影、雕塑物件創作，作品常見奇異、怪誕的影像擴展，擅以結合各式隨手的當代生活經驗，圍繞於 “個人之於社會經驗的謬察、童年記憶與糊紙技藝文化流動中的狀態思考”；假以一種荒謬、怪誕的影像包覆，討論關於存在的腐朽，以及那從未結束的狂歡與寂寞。
陳呈毓︱陳呈毓的創作涵蓋雕塑、裝置、及錄像等多元媒材，關注社會中感性的物質化表現與傳播。他的作品探討信仰、慾望、焦慮等等感性流動，同時也思考著身體與傷痛、性別身份政治等不同的身體經驗如何參與著社會的感性生產，試著映射生產、消費、攫取中產生的各式張力。
陳為榛︱陳為榛從生活中的物質作為觀察起點，從中探索藝術的可能性，以現成物的使用、挪用和古典美的概念，在文化認同與環境意識中做自我經驗的延伸。作品透過形式的轉化或材質的反串將日常物以不同於日常被規訓的功能被看見，傳達出建立在共同既定的認知之上卻又似是而非的模糊狀態。在貫穿作品的嘲諷性格與自我調侃中，感受對象物與它的反面，是其個人內在的探索過程與精神層面的反思。"
https://artemperor.tw/tidbits/18314,台灣，苗栗縣,苗栗縣苗北藝文中心【光電獸42節奏牆柱】姚仲涵聲光裝置藝術展,https://d2onjhd726mt7c.cloudfront.net/images/datas/000/117/871/i6sjnc6daejc9hz01qc2urcg727bdfsg_800x420^.jpg,2025-06-07 ~ 2025-09-14,苗栗縣竹南鎮公園路206號--苗北藝文中心,https://www.miaobeiac.org/mod/course/index.php?REQUEST_ID=SAJTHC1UVXxKWXA2XS9BWQxbB0A,姚仲涵,"姚仲涵專注於結合光影與聲響的藝術創作，熱衷於探索空間與自我。 近期的代表作品是「光電獸」系列，自首次提出以來，已累積了40餘件件作品。 「光電獸」為一系列現地製作的聲光作品，由2017年依附在台南月津港一座橋的結構開始，逐漸演化成創造空間之經驗。光電獸的作品曾在多個展覽中展出，包括近年的台東光祭與月津港燈節，以及忠泰美術館的「在混沌的世界中建立一點序曲」姚仲涵與大聲光電工作室創作理念是以音樂為共同語言，透過裝置實現空間，連結建築與人。
本次展覽為姚仲涵針對苗北藝術中心展覽室所呈現的現地製作作品，作品「光電獸#42 – 節奏牆柱」 以展覽空間的柱體結構為靈感，探索聲音、光影與空間之間的共鳴關係。作品融合新媒體藝術、噪音藝術與聲光裝置，透過動態光源與多層次聲響，將柱體轉化為節奏的載體，使之成為感官體驗的節點。觀者在穿梭於柱體之間的同時，將感受到聲光交織的節奏流動，重新詮釋空間的邊界與秩序，打造一場身臨其境的沉浸式感知之旅。"
https://artemperor.tw/tidbits/18171,台灣，台北市,Bluerider ART 台北・敦化【浴火雁行: 悍圖社 — 台灣美術史的生命書寫】Rising in Fire: Hantoo Art Group — The Making of Taiwan’s Art History,https://d2onjhd726mt7c.cloudfront.net/images/datas/000/117/279/eozrsga8g95hp1bjjm8m7f09d78hzvts_800x420^.jpg,2025-06-07 ~ 2025-08-31,Bluerider ART 台北．敦化（新館） 台北市大安區敦化南路二段 77 號 1 樓,https://www.miaobeiac.org/mod/course/index.php?REQUEST_ID=SAJTHC1UVXxKWXA2XS9BWQxbB0A,楊茂林、吳天章、陸先銘、郭維國、李民中、楊仁明、連建興、賴新龍、唐唐發、涂維政、鄧文貞、常陵、陳擎耀,"藍騎士藝術 Bluerider ART 榮幸宣布，我們的台北空間即將迎來重要升級！Bluerider ART台北・仁愛與台北・敦仁雙館合併擴充，新館Bluerider ART 台北・敦化，象徵在第二個十年我們由「巷弄文化」邁向「國際城市，東西交流」的目標，將於 2025年6月5日 舉行隆重開幕剪綵儀式。
開館首展推出：《浴火雁行：悍圖社 — 台灣美術史的生命書寫》（Rising in Fire: Hantoo Art Group — The Making of Taiwan’s Art History），向在時代風暴中浴火前行的悍圖社致敬。展覽將於 2025年6月7日 舉行開幕酒會，並於 2025年10月16日 移師 Bluerider ART 倫敦・梅費爾舉行開幕典禮。
此次展出將涵蓋悍圖社 13 位藝術家的繪畫、攝影、雕塑，超過 50 件精彩新作與經典名作，全面呈現其藝術脈絡與台灣當代美術史的重要篇章。
-完-
展出藝術家：
楊茂林
吳天章
陸先銘
郭維國
李民中
楊仁明
連建興
賴新龍
唐唐發
涂維政
鄧文貞
常陵
陳擎耀
-
展覽期間
2025.6.7 – 8.31
Bluerider ART 台北．敦化
台北市大安區敦化南路二段 77 號 1 樓
開放時間：週二至週日｜10:00 – 18:30
聯絡信箱：info@blueriderart.com
電話：02-27522238"
https://artemperor.tw/tidbits/18334,台灣，台北市,安卓藝術【安卓藝術15周年特展｢生命樹｣】,https://d2onjhd726mt7c.cloudfront.net/images/datas/000/117/960/z5z3h21wd5h26y60pog5fix143nmojpj_800x420^.jpg,2025-06-07 ~ 2025-08-08,文湖街20號1F,https://www.miaobeiac.org/mod/course/index.php?REQUEST_ID=SAJTHC1UVXxKWXA2XS9BWQxbB0A,布恩・卡路拜恩、周楷倫、瑪莉娜・克魯斯、薩伊夫．加里波第、丹尼．格爾卡、傅饒、林煒翔、安娜・瑪莉亞・米庫、大卷伸嗣、艾伯特．約拿桑．瑟提亞萬、謝鴻均、黨若洪、瑞納斯・凡・德・維爾德、柏格丹・弗拉杜塔、楊寓寧,"安卓藝術將於2025年6月至9月，以三個半月的時間推出我們慶祝15週年的兩場特展｢生命樹｣與「到彼岸」。｢生命樹｣展覽訂於6月7日至8月8日之間舉行，策展概念接續安卓藝術五週年的「Revision」和十週年的「生生長流」之方向，邀請畫廊長期代理與合作的台灣、亞洲與歐洲的十五位藝術家參展，期望展現過往十五年來畫廊與藝術家合作的成果，以及透過如同「生命樹」的有機成長狀態，反思與展望安卓的下一個十五年。而十五週年的第二個展覽項目「到彼岸」，則於8月16日到9月25日之間推出，是畫廊追念藝術家石晉華於2024年夏天因為車禍意外往生的一場紀念性展覽。兩場特展對安卓藝術的十五年，皆具有極其重要的象徵意義。｢生命樹｣安卓藝術十五週年特展訂於6月7日(星期六)下午3點舉辦開幕酒會，並於6月21日下午舉辦一場關於「藝術家、畫廊與市場」的座談會，我們誠摯邀請您的蒞臨。
｢生命樹｣作為安卓藝術十五週年特展的主題，背後藏著一段收藏家贊助支持畫廊與藝術家的美麗典故。2010年春天安卓藝術成立時，收藏家陳泊文醫師為安卓的成立在自家花園種下一顆高度及膝的小桂花苗；十五年過去，這株桂花苗已長成高逾兩米五的桂花樹，並且成了象徵安卓的生命樹。大約從安卓樹的第三年起，我和陳醫師提議我想要每年為這株安卓的生命樹進行一次修剪，為它去蕪存菁使其得以長成的更好。之後很多年的元旦便成了我自己，或是和安卓團隊以及藝術家們一起去北投修剪這株安卓樹與聚會的日子。因此，｢生命樹｣作為此次十五周年特展的主題，對安卓和長年支持我們的收藏家與藝術家來說，都是最為貼切且深具意義的。
｢生命樹｣一展匯聚台灣、亞洲和歐洲等地的十五位藝術家，包含布恩・卡路拜恩（Buen CALUBAYAN）、周楷倫（CHOU Kai Lun）、瑪莉娜・克魯斯（Marina CRUZ）、薩伊夫．加里波第（Syaiful Garibaldi）、丹尼．格爾卡（Dani GHERCĂ）、傅饒（Rao FU）、林煒翔（LIN Wei Hsiang）、安娜・瑪莉亞・米庫（Ana Maria MICU）、大卷伸嗣（Shinji OHMAKI）、艾伯特．約拿桑．瑟提亞萬（Albert Yonathan SETYAWAN）、謝鴻均（Juin SHIEH）、黨若洪（TANG Jo Hung）、瑞納斯・凡・德・維爾德（Rinus VAN DE VELDE）、柏格丹・弗拉杜塔（Bogdan VLÃDUTÃ）、楊寓寧（YANG Yu-Ning），展品包含繪畫、裝置、雕塑、攝影與複合媒材等不同形式的創作，主題涵蓋與生命樹有關的「植物」、「時間」兩個切面，風格上包含寫實與表現主義形式的繪畫、水墨美學再生的創作、以及空間與立體組合的重新思考。
Mind Set Art Center will celebrate its 15th anniversary with two special exhibitions set between June and September: “The Tree of Life” and “At the Other Side”. “The Tree of Life” is scheduled to run from June 7 through August 8, and it will continue the curatorial direction of MSAC’s 5th-anniversary exhibition, “Revision”, and the 10th-anniversary showcase, “As Life Goes On”. The exhibition will feature 15 artists from Taiwan, Asia, and Europe, and showcase the fruit of our collaboration in the last 15 years. The exhibition also reflects on the gallery’s growth, as symbolized by “The Tree of Life”, and looks ahead to MSAC’s next 15 years. The second exhibition, “At the Other End”, will run from August 16 to September 25 as a memorial for artist Shih Jin-Hua, who passed away in a tragic accident in the summer of 2024. Both exhibitions hold profound significance for us at Mind Set Art Center. The opening reception for “The Tree of Life” will be held on Saturday, June 7, at 3:00 PM, followed by a panel discussion on “Artists, Galleries, and the Market” on the afternoon of June 21. We cordially invite you to join us for the exhibition.
Behind “The Tree of Life”, the title of MSAC’s 15th anniversary exhibition, is a beautiful story of a collector’s enduring support for the gallery and its artists. When MSAC was first established in the spring of 2010, collector Dr. Chen Po-Wen planted a knee-high tea olive in his garden to mark the occasion. Fifteen years later, the sapling has grown into a full-size tree standing over 2.5 meters tall. It has become a living symbol of MSAC’s journey. Around the tree’s third year, I proposed to Dr. Chen that I would prune it annually, trimming away the unnecessary to help it grow stronger and healthier. This turned into a New Year’s Day tradition. Whether I’m alone or MSAC’s colleagues and artists whether alone, I would visit Chen’s place in Beitou to tend to the tree. “The Tree of Life” is thus more than an exhibition title. It carries profound significance to us, our collectors, and the artists we champion.
The exhibition brings together fifteen artists from Taiwan, Asia, and Europe. They including Buen Calubayan, Chou Kai-Lun, Marina Cruz, Syaiful Garibaldi, Dani Ghercã, Rao Fu, Lin Wei-Hsiang, Ana Maria Micu, Shinji Ohmaki, Albert Yonathan Setyawan, Juin Hsieh, Tang Jo-Hung, Rinus Van de Velde, Bogdan Vlăduță and Yang Yu-Ning. Their works span various mediums such as painting, installation, sculpture, photography, and mixed media, exploring the themes of ""plants"" and ""time”, which are the two aspects of the symbolic Tree of Life. Stylistically, the exhibition encompasses realist and expressionist paintings, contemporary reinterpretations of ink brush paintings, as well as reflections on spatial and three-dimensional compositions"
https://artemperor.tw/tidbits/18249,台灣，花蓮縣,花蓮縣花蓮文化協會【2025花東原創生活節 Original Living Art Festival】東東攏總強,https://d2onjhd726mt7c.cloudfront.net/images/datas/000/117/600/3tgwc7pspxr5v2an56wnsbvbu7qpoaur_800x420^.jpg,2025-06-07 ~ 2025-07-20,花蓮文化創意產業園區(花蓮縣花蓮市中華路144號 11棟),2025origlifeart.com,吳義盛、吳念儒、林戎依、陳彥君、陳水南、章嘉慧、徐季筠、莊文毅、高梅禎、廖光亮、陳晏甄、黃夏凡、林香蘭,"「東東攏總強」這句臺語口語，意指花蓮、臺東兩地的人才與物產都非常優秀；以字面上的中文解釋，意旨聚合花蓮、臺東厲害的藝術家們，將此作為主題，不僅凸顯兩地原創能量，更能激發在地認同感。
這不是一場展覽，這是一場朝聖。我們將踏上這片土地，用藝術的語言，訴說花蓮與臺東的故事。這片土地，孕育無數的生命，滋養無數的靈魂。它不僅是我們的家園，更是我們創作的靈感源泉。
「東東攏總強」這句話不僅是一句口號，更是一種深植於花蓮與臺東人心中的精神。這場策展，我們希望透過多元的藝術表現形式，展現花蓮與臺東獨特的自然風光、人文底蘊、以及族群的多元性。更希望藉此激發在地創作者的潛力，讓他們的作品能被更多人看見，並為花蓮與臺東的文化發展注入新的活力。
「東東攏總強」道盡花蓮、臺東這片土地的豐饒與活力。我們想更進一步，將這股強勁的在地能量，透過一場別具意義的展覽，匯聚成一股耀眼的光芒。
展覽的核心概念，在於將花蓮、臺東多元的工藝文化，透過一個平台進行整合與展示，我們將以「東東攏總強」為核心，將散落在各地的工藝瑰寶匯集於此，共同完成2025年最道地的展覽。
6月7日至7月20日，歡迎蒞臨花蓮文創園區11號倉庫，一同感受工藝與自然的連結。
1.東東攏總強特展
2.工藝手作體驗
3.原創生活市集
4.音樂饗宴
5.臺灣台語導覽"
https://artemperor.tw/tidbits/18282,台灣，台北市,大岡藝術空間【徐麗敏老師—— 【彩墨花妍】】研習彩墨花卉的優雅,https://d2onjhd726mt7c.cloudfront.net/images/datas/000/117/717/tbtwsjfpk1vj1l7rbg0sf3d42r32tk01_800x420^.jpg,2025-06-07 ~ 2025-07-12,台北市中正區南昌路二段70號國都大樓3樓之2,2025origlifeart.com,徐麗敏,"徐麗敏老師—— 【彩墨花妍】研習彩墨花卉的優雅
徐麗敏老師擁有深厚的水墨花卉創作功底，承襲蘇峰男大師彩墨花卉之衣缽，在多年創作與教學的歷練中，累積了豐富紮實的經驗。她從寫生觀察入手，細膩講解筆法運用，搭配詳盡的示範教學，循序引導學員掌握彩墨花卉的奧妙與精髓。
在她的帶領下，學習者得以穿梭於色彩與墨韻之間，在筆觸與創意之中，描繪出心中那份唯美而永恆的花卉意象。繪花即繪心，一筆一畫，皆是對生命美感的探索與詮釋。讓我們一同踏入彩墨花卉的奇妙世界，感受筆下生花的詩意與感動。
本彩墨花卉系統的講解及示範各種花卉的創作，從四君子到常見花卉，從初階、中階到高階課程，您將學習一套完整，基礎扎實的彩墨花卉技法，輕鬆掌握技巧成為彩墨花卉的實踐與創作者。
彩墨花妍上課時間及課網：
【 2025 .06.07-07.12 PM6-9 ，逢週六開課 】初階課
1：水墨材料，筆、紙、墨，器皿介紹，
基本筆法介紹；花卉沒骨法、工筆勾勒法，示範介紹。
2.  四君子，從竹子用筆解析示範開始。
3：蘭花蘭葉畫法示範，組合筆法。
4：梅花，沒骨法示花，花形姿態解析。
5：梅花枝幹畫法，構圖解析。
6：菊花畫法示範，筆法解析。
【 2025 .07.19-08.23 PM6-9 ，逢週六開課 】進階課
1：凌霄花筆法解析，構圖及示範初階
2.：凌霄花筆法解析，構圖及示範進階
3：鳶尾花筆法解析，構圖及示範初階
4：鳶尾花筆法解析，構圖及示範進階
5：紫藤花筆法解析，構圖及示範初階
6：紫藤花筆法解析，構圖及示範進階
【 2025 .08.30-10.04 PM6-9 ，逢週六開課 】高階課
1：絲瓜筆法解析，構圖及示範初階
2.：絲瓜筆法解析，構圖及示範進階
3：胡瓜筆法解析，構圖及示範初階
4：胡瓜筆法解析，構圖及示範進階
5：葡萄筆法解析，構圖及示範初階
6：葡萄筆法解析，構圖及示範進階
上課地點：大岡藝術空間（台北市中正區南昌路二段70號3樓之2）
Venue: Da Gang Art Gallery｜3F-2, No. 70, Sec. 2, Nanchang Rd., Zhongzheng Dist., Taipei City 100037, Taiwan (R.O.C.)
主辦單位： 威力大岡基金藝術基金會
協辦單位：大岡藝術空間
報名方式：請填寫Google表單：https://reurl.cc/yROqpl
報名完成後請加入大岡藝術空間官方客服line@，由專人爲您服務。
• line@ ID : @664JPVRZ"
https://artemperor.tw/tidbits/18365,台灣，台北市,二空間【萬物共生 2025】原田 鎮郎 個展,https://d2onjhd726mt7c.cloudfront.net/images/datas/000/118/125/aioh67ducn1lw5xc4ufpyzt8n2nejxyo_800x420^.jpg,2025-06-07 ~ 2025-07-05,松江路226巷6號,https://www.facebook.com/spacetwo2016/,徐麗敏,"原田鎮郎（Shizuo Harada）為日本一級建築師，建築理念強調利用自然資源，秉持低碳環保與大自然和諧共存。
這次是在台灣第四次，也是在「二空間」第三次的個展。感謝大家一直以來的鼎力支持與愛顧。透過台灣的個展也與台北市立動物園建立了深厚友誼。前年有幸參加國際動物園學會，得以認識到更多動物園的規劃者、經營者以及飼育員等，讓我的世界變得更加寬廣。
本次展覽作品分為三個領域：
①Wild life ：Amazing animals
主要描繪瀕危物種, 如犀牛、北極熊、大象、石虎和水獺等。牠們的棲息地逐年縮小，與人類的生活範圍日益接近，甚至出現重疊的情況。
②Polar life 極北生物
今年北極海的冰山面積創下史上最小紀錄。隨著地球暖化，在無法結冰的北極海上，北極熊們正在摸索新的生活方式，力求生存。
③Black ＆ white
這次首次創作了十多幅小型作品（18公分四方形），描繪了生活在極夜黑暗世界覆蓋冰山、雪原等白色世界中的有生命體。
14:00～18:00
開放 ： 週三、六
預約 ： 週二、四、五 （FB粉專預約）"
https://artemperor.tw/tidbits/18313,台灣，新竹市,藝站 One Station【邊境·童話】楊哲一個展,https://d2onjhd726mt7c.cloudfront.net/images/datas/000/117/862/u7hthzc8yf7wrnpqv73ig0jb02686acb_800x420^.jpg,2025-06-07 ~ 2025-06-28,藝站 One Station /新竹市香山區中華路五段413巷1號(347巷入/香山車站前),https://yiyiwan.blogspot.com/,楊哲一,"邊境·童話-楊哲一個展
展期：2025/6/7-6/28
開幕座談會
2025/6/7，14:00-16:00
與談人：楊哲一、楊硯奇
地點：藝站 One Station（香山車站前）
https://www.facebook.com/HsinchuXiangshan/
新竹市香山區中華路五段347巷2弄1號
創作理念
作品拍攝的身影與環境，來自於2008年發起的「邊境童話-小小攝影家的異想世界」兒童攝影公益計畫，此計畫，帶著社會大眾所捐贈的相機，於工作與創作之餘，帶著志工，至台灣及世界各地的偏鄉，引導小朋友進行攝影拍攝與「共同創作」。時間從2008至今，長達10多年。
攝影書所呈現的內容，存在硬碟十多年了，直至疫情期間，意外看到了這些非小朋友拍攝的影象，才確認了它的存在，並有了整理的念頭。是意外的探索；也是探索的意外。
這些影像是怎樣來的？
每次出隊，在帶領團隊的過程中，不但要帶著學生，還得引導志工、關注老師，而這些影像，是殘餘空閒中所拍攝的，有些則是，透過活動過程，無意識拍攝的。自己習慣將小相機掛在手腕上，時不時的，單手拿起機身，按個快門，常常沒看框景窗，就按下快門，進行一個盲拍的過程，所以時常會有過暗、過曝、晃動、模糊的狀況。
當年自己是一個攝影狂熱分子，自己會實驗不同底片的拍攝，也常會嘗試不同的沖洗方式，像是正片負沖、加減感光度沖洗。另外，更多的是上網到處收購，過期與絕版底片，還有各式各樣曝光、壞掉的傻瓜相機，以至於，乍看之下，這些影像的色調，五花八門，什麼奇怪狀況的影像都有，只有內容是一致的，而這樣的影像，卻也讓我，重新對自己過去的影像，產生了好奇。
以「第一人稱」兼「第三人稱」的視角拍攝，影像於這些特殊的地方，產生出一種「存在性」、「公共參與性」、「抵抗性」，是衝突，也神秘。此影像視角，有著高低差，小朋友低，作者高；節奏，總會被突如其來的動作所震驚！小朋友很單純，大人總想太多。
拍攝場景是，台灣的偏區小學、離島暨育幼院等場域，是教育資源相對缺乏的地方，試圖透過兒童拍攝自身所在故鄉，與自己身體的穿越，來討論兒童「身體介入」攝影行為的「荒謬」、「詭譎」、「戲劇感」，是一種帶有童趣的戲謔衝突感。空氣中的凝結感、細碎的呢喃，同時隱喻著教育與環境的批判、社會的斷片、長期被忽略的「邊境」與「地緣政治」設定下的犧牲，是一種台灣本島與離島，在「島嶼連線」中的控訴。
幼小身軀穿梭在台灣的土地上，碰觸著文化與歷史，就像是一個小孩大人般的形象，在成長的過程中，不停止的潛移默化著。這些微小的細節，都是用生命堆疊出來的故事，小朋友的創作過程，參與公共、表達對自我文化的認同與土地的關懷，他們就像是撒下的影像種子，串起台灣每一地方的故事，我只能引導他，無法介入他。
楊哲一
台灣宜蘭, 當代攝影藝術家
現職：台灣兒童攝影藝術推廣學會理事長、TRUEiin初應品牌創辦人
學歷：國立成功大學資源工程所碩士, 國立台北科技大學土木工程系學士
個展：
2025“人與水泥-楊哲一個展”, Slapelis之家, 維爾紐斯, 立陶宛
2025“山水連線-楊哲一個展”,花蓮美術館, 花蓮, 台灣
2025“山水-楊哲一個展”, 好地下藝術空間, 花蓮, 台灣
2025“邊境˙童話-楊哲一個展”, 藝站One Station, 新竹, 台灣
2025“邊境˙童話-楊哲一個展”, 山朗藝術空間, 大阪, 日本。
2023“山水跨域-楊哲一個展”, 圖騰攝影藝術空間, 東京, 日本
2020“山水-楊哲一”,台北市立美術館, 台北, 台灣
2018“山水/造山-楊哲一個展”, 清華大學藝術中心, 新竹, 台灣
2016“空城計-楊哲一個展”, KUNSTLERHAUS BETHANIEN, 柏林, 德國
聯展：
2024“《臺灣2+2》攝影展-沒水台灣Taiwan No Water”, 「全景」購物中心, 維爾紐斯, 立陶宛
2021“集美阿爾勒國際攝影季-南方以南”, 鼓浪嶼美術學院, 廈門, 中國
2021“Beginnings, Forever: From the Collection of the Kiyosato Museum of Photographic Arts/Shinnyo-en”, Museum of Photographic Arts(MOPA) , San Diego聖地亞哥, 美國
2020“台北美術獎”, 台北市立美術館, 台北, 台灣
2018“原點˙永遠”, 東京寫真美術館, 東京, 日本
策展：
2025“人與環境-台灣的後山水與人文關懷”, 立陶宛市政廳, 維爾紐斯, 立陶宛
2024“如何命名一棵樹-鄭安東個展”, 初應當代視覺藝術空間, 宜蘭, 台灣
2023“複景-臺灣立陶宛攝影交流展”, 初應當代視覺藝術空間, 宜蘭, 台灣
2022“《乒•乓•乒•乓•往•山•返•水》”, 初應當代視覺藝術空間, 宜蘭, 台灣
2017“搗蛋-台北大巨蛋集體創作展”, 爵士藝廊, 台北, 台灣
2015“TIVAC獎攝影聯展”, 流浪的攝影空間, 台北, 台灣
駐村：
2024浙江省泥美術館
2016德國貝塔寧藝術中心
得獎：
2015 日本清里美術館頒獲社會貢獻獎
2013 TOP20中國當代攝影新銳獎
2012桃源創作獎首獎
典藏：
2013日本清里美術館青年藝術家永久典藏
2013國立高雄美術館永久典藏
2012國立台灣美術館青年藝術家作品永久典藏
徵選:
2025國藝會美術類創作補助入選
2016文化部駐村藝術家入選
2011青舵獎入選
出版:
2025邊境˙童話
2016邊境童話-小小攝影家的異想世界
演講:
已累積超過一百場次，對象分佈全國國高中及大專院校、攝影相關社團、知名企業、社區大學，更曾受邀TED’x tainan演講，反應熱烈
其他:
2015 TIVAC攝影獎評審
2015佛光大學社會系兼任講師
2012誠品專欄作家
主辦單位：藝站跨藝社
組織營運贊助：國藝會
贊助單位：太平洋建設
Border Kidsphoto - Yang Che-Yi Solo Exhibition
Exhibition Dates: Sat 7 Jun - Sat 28 Jun 2025
Opening ＆ Artist Talk: Sat 7 Jun, 2pm-4pm
Speakers: Yang Che-Yi,
Location: One Station (next to Hsinchu Xiangshan Station)
Gallery Hours: Thu-Sun 11am-6pm
https://www.facebook.com/onewetland/
about Yang Che-Yi
Contemporary photographic artist, now living in Berlin, has been a badminton player since childhood. He was studying in environmental science after he grown up. In 2006, he withdrew his study because of a serious illness after his trip back from India. He begins to reconsider the meaning of life, then turn to the decision of creating photographic art, writing life in the image with his ideas and inspiration. This work has been selected into the permanent collection of the Japanese Kiyosato Museum of Art. In 2009, he was awarded in the Cloud Gate Dance Theatre Rangers Program, alone to carry out a trip to China for another self wandering journey. He is the most creative and inspire artist among young photographic artists.
Solo Exhibition：
2023“Trans-regional Landscape- Yang Che-Yi Solo Exhibition”, Totem Pole Photo Gallery, Tokyo, Japan.
2021“Shan shui-Yang Che-Yi Solo Exhibition”, Taipei Museum of Arts, Taipei, Taiwan.
2019“Taipei Dome- Yang Che-Yi Solo Exhibition”, Fotoaura Institute of Photography, Tainan, Taiwan.
2018“Shan shui-Yang Che-Yi Solo Exhibition”, National Tsing Hua University Art Space , Hsinchu, Taiwan.
2017“Empty City-Yang Che-Yi Solo Exhibition”, KUNSTLERHAUS BETHANIEN Residency Art Space , Berlin, Germany.
2016“Dream Homes-Yang Che-Yi Photography Exhibition”, Wanderer Photographic Art Space, Taipei, Taiwan.
Non-Solo Exhibition：
2021＆#039;＆#039;Beginnings, Forever: From the Collection of the Kiyosato Museum of Photographic Arts＆#039;＆#039;, Museum of Photographic Arts(MOPA), San Diego, USA.
2021“South of Southern”Jimei-Arles International Photography Festival, Hsiamen, China.
2020“Taipei Art Awards Exhibition ”, Taipei Museum of Arts, Taipei, Taiwan.
2018 “Basically Forever”, Tokyo Museum of Photographic Arts, Tokyo, Japan.
2017“Floating Glimpse of Our Homeland ”, Hsinchu Museum of Arts , Hsinchu, Taiwan.
2017“Taipei Dome Exhibition”, Jazz Art Space, Taipei, Taiwan.
Sponsor:
National Culture and Arts Foundation
Pacific Construction Co., Ltd."
https://artemperor.tw/tidbits/18372,台灣，台北市,晴山藝術中心有限公司【『不真實的現場』 林佳賢 & 王莉瑩 聯展】Unreal Scenes - Jia shian Lin & Ros Laura - Joint Exhibition,https://d2onjhd726mt7c.cloudfront.net/images/datas/000/118/135/4vqld27tfbh7lycrq2jsuzpt9z9ggd6k_800x420^.jpg,2025-06-07 ~ 2025-06-28,晴山藝術中心,https://www.imavision.com.tw/news/147,林佳賢、王莉瑩,"不真實的現場 - 林佳賢 & 王莉瑩 聯展
Unreal Scenes - Jia shian Lin & Ros Laura - Joint Exhibition
展期：2025 / 6 / 7 - 28
開幕茶會 : 6 / 7(六) 下午３點
地點：晴山藝術中心
------------------------------------------------------------------------------
林佳賢　創作論述
透過戲劇化的視角探討日常，並挖掘其中潛藏的可能性。或許我們生活在龐大的攝影棚裡，身後有專業的攝影團隊，精心策劃每個場景，捕捉所有發生的事物，而在某個我們看不見的地方，有一群觀眾注視這場真實生活的秀。
王莉瑩　創作理念
現階段進行的創作為「前往X」
「前往X」是一場前往新世界，跨越現實的旅程。這片異世界在我腦海中逐漸成形。這個系列描繪出了一個虛實交錯的異世界，充滿自然的生命力，隱約透著新紀元的未來感，如同經過長時間演化而形成的平行宇宙。
在這片未知的土地上，生命形式充滿多樣性，精靈、外星生物與能量體共存，並以它們獨特的方式表達自我。這些生命形態反映出一種無形的連結，象徵著自然與人類間的守護關係。大自然是我們的守護者，而人類也應該以相同的溫柔回應它。
在「前往X」中，我將這份情感寄託於每個細節之中，努力豐富這個世界的故事和其中的角色，相比之前專注於視覺變異的創作，此系列更加重視構建「X」的世界觀及其生命體的互動。"
https://artemperor.tw/tidbits/18081,台灣，台北市,國家表演藝術中心 國家兩廳院【2025新點子實驗場 蒂摩爾古薪舞集 巴魯．瑪迪霖 《排彎動物園》】Tjimur Dance Theatre: X aiwan Utopia,https://d2onjhd726mt7c.cloudfront.net/images/datas/000/116/949/bplfsqttlni92cdx32ck8qni5angm5dt_800x420^.jpg,2025-06-07 ~ 2025-06-08,國家戲劇院(臺北市中正區中山南路21之1號，愛國東路側),https://www.opentix.life/event/1894587053180948481,巴魯．瑪迪霖、蒂摩爾古薪舞集,"當傳統成為動詞，當排灣的靈魂轉了彎
看我們踩著四步舞，跳起蕭邦圓舞曲
排灣是名詞，是古謠是腳步也是鞦韆，
排灣是動詞，是流動是燃燒更是一種姿態，
在這座名為社會的動物園裡，有時順、有時彎，而我們總在最後一起回到原點。
當文化不再是靜態的展示，當已知的秩序開始轉彎。我們在你熟悉的蕭邦中跳起排灣圍舞，用一曲送葬哀悼那些被忽視的聲音，以離別曲向迷失的自我道別。我們還是我們，唱起古調跳著碧昂絲，踩著四步舞配圓舞曲，沒有誰不配位，只有一二三再來一遍！
作為以排灣當代為主體性的職業舞團，蒂摩爾古薪舞集近年帶著作品走遍歐洲，或巡演或駐村，踩著傳統的腳步，近距離體感國際現況，看著烽火四起、悲歡離合，編舞家巴魯・瑪迪霖不想讓眼底的關懷停在視覺暫留，他要透過創作，將大家帶往沒有秩序、只有浪漫的劇場烏托邦。
舞者在象徵制度的鞦韆擺盪中召喚內心真我，隨著蕭邦的樂音響起，台上發出邀請的魅音，這不是你期待的傳統排灣舞蹈劇場，而是一場排灣撞上當代奇幻的超現實夢境。拿掉框架，打破規則，在傳統與當代間摸索平衡，在綿延往復的拋接中尋找新秩序。而我們還是我們，帶著承繼百年的自由與流動姿態，邀請每個入園的觀眾一起野放靈魂，共譜一曲狂野幻夢！"
https://artemperor.tw/tidbits/18202,台灣，苗栗縣,苗栗縣苗北藝文中心【2025親親苗北－親親故事屋】親子共讀趣,https://d2onjhd726mt7c.cloudfront.net/images/datas/000/117/398/11zv4riug4katj4l0m6qud02eod40m1d_800x420^.jpg,2025-06-07 ~ 2025-06-08,苗栗縣竹南鎮公園路206號--苗北藝文中心,https://www.miaobeiac.org/mod/course/index.php?REQUEST_ID=SAJTHC1UVXxKWXA2ah91AQVQEjpZdA08EwEs&ClsID=12,海鷗姐姐、小花姐姐,"2025親親苗北系列活動親親故事屋，在苗北藝文中心陪伴孩子們一起享受有趣歡樂的故事時光，給孩子們來趟豐富的繪本小旅行。
時間：2025年6月7日(星期六)至2025年6月8日(星期日)
【場次Ⅰ】- 上午09：30分至上午10：10分
【場次Ⅱ】- 上午11：00分至上午11：40分
【場次Ⅲ】- 下午13：00分至下午13：40分
地點：苗栗縣苗北藝文中心 (苗栗縣竹南鎮公園路206號)
說書人：海鷗姐姐、小花姐姐"
https://artemperor.tw/tidbits/18369,台灣，新北市,現代畫廊【《弜限 IN｜FINITE》—瞿倩梅、施力仁聯展】形之極處，靈光乍現。,https://d2onjhd726mt7c.cloudfront.net/images/datas/000/118/131/syg1u6h93s9tltj8w21b5plbe4lth0pw_800x420^.jpg,2025-06-12 ~ 2025-08-29,新北市新店區中興路三段88號(宏達電總部大樓),https://www.smagtw.org/smagtw_2025HTC.html,瞿倩梅、施力仁,"形之極處，靈光乍現。
當藝術突破形式的邊界，便觸及永恆的彼岸。《IN｜FINITE 弜限》在物質與意識的交匯處，捕捉那超越時空的光輝。
瞿倩梅的創作源於對內在秩序的凝視。礦石經研磨，大漆隨時間沉澱、裂變，在畫布上生成自足的宇宙圖景。每一筆觸承載心念，每道裂痕記錄時光。那些看似偶然的物質流動，實則是內在世界的映照——礦粉沉澱如思緒累積，漆液流淌似情感波動。材質轉化為靈性的居所，抽象成為本質的表達。靜觀之時，遠古山水的迴響與宇宙韻律同在。
施力仁的雕塑创作跨越东西方的美学对话。以动物形象为媒介，在简练的造型中凝聚生命哲思。每件作品都是心象的投射，在金属的刚毅与陶瓷的温润间，找到东西方美学的共鸣点。每件作品都是心意的具現，承載文化記憶，傳遞生命歡欣。
兩位藝術家以不同方式，共同探索精神永駐的奧秘。瞿倩梅如隱士，在物質生滅中參悟永恆；施力仁似武士，在材質轉化中鑄就永恆。一者內觀自照，一者外顯其道。作品相互映照，如明月映清泉，共譜超越時空的靈性詩篇。
《IN｜FINITE 弜限》這一命題暗藏玄機。""｜""是界限亦是通道；""弜""是蓄力更是釋放。展覽構築的不僅是藝術空間，更是覺悟之境——在此，形質與心識的藩籬消弭，刹那與永恆的隔閡不再。
作品發出無聲的召喚。不求理解，但求共鳴；不囿定義，唯願銘記。當觀者放下執念，以心相印，便能照見穿透物質表像的靈光，在頓悟瞬間，體會那無始無終的永恆真意。藝術至高的使命，正是在有限中顯化無限可能。"
https://artemperor.tw/tidbits/18355,台灣，台北市,Mind the G【GDAP SP 佚名青年】中正高中美術班第41屆學習成果展,https://d2onjhd726mt7c.cloudfront.net/images/datas/000/118/059/pi4iwux639sgrgvjkhr5qumbna2tz3mw_800x420^.jpg,2025-06-12 ~ 2025-07-05,東方廣告暨東梨學院藝文空間-台北市大同區迪化街一段256號(前棟),https://www.gdaptw.org/,瞿倩梅、施力仁,"佚名，代表不具名 無名，正如現代少年少女們尋求身份認同一樣，即使隨將時光隱沒，稍縱即逝，卻創造令人難以忘懷努力閃爍的瞬間。選擇匿名的創作者也將自己隱沒於作品之中，如同數不清的泡沫，讓觀者在無名之中尋找共鳴。
Anonymous — a name that signifies the absence of a name, much like how modern youth seek identity. Even if they fade with time and vanish in an instant, they create unforgettable, fleeting moments that shine with effort. Creators who choose anonymity likewise hide themselves within their work, like countless bubbles, inviting viewers to find resonance within the nameless.
GDAP SP  -佚名青年 展覽資訊
▍地點：台北市大同區迪化街一段256號
▍展期：2025/06/12-07/05
▍開幕活動：2025/06/14  - 12:00~13:00
▍時間：12:00~17:30 (週一、二公休)
/
贊助單位
▍茂林光電
▍東方廣告 - GDAP"
https://artemperor.tw/tidbits/18350,台灣，台北市,名山藝術【錦芳如許:李君毅水墨師生展】李君毅．李孟芳．許宸家．郭錦屏．簡詩如,https://d2onjhd726mt7c.cloudfront.net/images/datas/000/118/026/0i6y45r1glt3fyjalqi2tdh9u83hoxmr_800x420^.jpg,2025-06-14 ~ 2025-07-13,台北市仁愛路二段48-6號 (近捷運東門站),https://www.gdaptw.org/,李君毅、李孟芳、許宸家、郭錦屏、簡詩如,"展覽「錦芳如許」由藝術家李君毅策劃，邀集曾親授的四位新進水墨藝術家—郭錦屏、李孟芳、簡詩如、許宸家共同參展。以花卉為題，藝術家們透過變異水墨媒材進行當代表述，以花卉為題，展現水墨藝術在技法與觀念上的多元延伸。
傳統與創新的交織，使「花」不僅為描繪對象，更成為情感與時代的載體，映現出如錦之芳華，亦如人文之情懷。誠摯期待您的親臨，共賞當代水墨之美的綻放與傳承。
—
錦芳如許：李君毅水墨師生展
展出藝術家│李君毅、李孟芳、許宸家、郭錦屏、簡詩如
開幕茶會│2025.06.14 (六) 下午3點
展期│2025.06.14 – 07.13 (每日10:00 – 18:30)
地點│名山藝術台北館 (台北市仁愛路二段48-6號)"
https://artemperor.tw/tidbits/18327,台灣，台北市,阿波羅畫廊【次序之外】楊桃派-阿波羅畫廊新銳畫家助長計畫(12),https://d2onjhd726mt7c.cloudfront.net/images/datas/000/117/972/7eal2zprsqkhptuborzkb8la7c13mvxj_800x420^.jpg,2025-06-14 ~ 2025-07-12,臺北市忠孝東路四段218-6號2樓 (阿波羅畫廊/大廈入口位於忠孝東路),https://artgalleryapollo.com/2021/event/%e3%80%8a%e6%ac%a1%e5%ba%8f%e4%b9%8b%e5%a4%96%e3%80%8b%e6%a5%8a%e6%a1%83%e6%b4%beyoungtop/,蘇泓諺.張凱閔.林禹良江為彬,"阿波羅畫廊所主辦的「楊桃派 Young & Top—新銳藝術家助長計畫」，致力於發掘與扶植三十五歲以下獨特且具潛力的年輕藝術家，透過展覽、資源引薦與藝術市場協助，為其建立當代藝術生態立足的基礎，迄今已邁入第十二年。今年的主題為《次序之外》，邀請四位新銳藝術家蘇泓諺、張凱閔、林禹良與江為彬，以各自的繪畫語言探問秩序與觀看的本質，展現當代創作者 對現實感知的敏銳反射與深層思辨。
《次序之外》並非混亂的代名詞。反之，像一種緩慢游移的狀態──在規則與例外之間試探，在秩序與偏離之間推移。它是質疑的起點，也是將視線轉向邊緣的邀請，四位藝術家各自選擇了不同的視角，走向秩序背後、主流未能容納之處。
蘇泓諺以黑白灰為主調，構築出既靜默又緊繃的視覺場域。他筆下的空間經常無人、無聲，彷彿記憶的斷面或感官的殘響。這些作品不僅是單純的場景描繪，也是一種情緒的建築，一場針對感知與記憶的實驗。
張凱閔常以遊戲化的場景與模擬性的畫面構成為特色，呈現出介於真實與虛構之間的觀察角度。他擅長從日常生活中擷取題材，轉化為帶有荒誕感的圖像結構，使人物彷彿陷入規則未明的任務之中，如同一場靜默的模擬實驗，在秩序與混亂之間反覆運行。
林禹良多以森林、林道、夜色等自然場域為背景，人物與環境之間的關係緊密卻不明確，彷彿屬於某種既定系統中的一部分。作品中的人物背對畫面、面容模糊及穿著類似服裝這些帶有系統性卻難以定義的場景，表現出對生命觀察的解讀與詮釋，讓畫面在沉靜中浮現細膩且具思辨性的感知體驗。
江為彬以水族缸造景為靈感，構築出如同微型生態系的繪畫世界。畫面中常見水草、石塊、飼料魚與沉靜的空間佈局，在自由生長與理性編排之間取得平衡的秩序。他關注生命被觀看與 分類時所承擔的價值差異，透過這些微觀的水中場景，喚起對生命韌性與共生關係的再認識。
《次序之外》是一場在日常與潛意識之間的穿梭，是對時間、空間、存在與意義之不安定狀態的 凝視與捕捉。誠摯邀請您走入這場虛實交錯的展覽，感受四位新銳藝術家對日常、空間與生命的獨到觀察。"
https://artemperor.tw/tidbits/18075,台灣，苗栗縣,苗栗縣苗北藝文中心【2025 苗北藝術工坊－時尚玩生活系列】,https://d2onjhd726mt7c.cloudfront.net/images/datas/000/116/921/67ycf1muv31vkzdqi68tlcml6zter5nn_800x420^.jpg,2025-06-14 ~ 2025-06-28,苗栗縣竹南鎮公園路206號--苗北藝文中心,https://www.miaobeiac.org/mod/course/index.php?REQUEST_ID=SAJTHC1UVXxKWXA2bhRgElEGQ0QhFkRxW1UhIjglTCAFVwxJJA&nonline=1,蘇泓諺.張凱閔.林禹良江為彬,"✧2025苗北藝術工坊 6月【時尚玩生活系列】✧
本季帶來時尚玩生活系列：香水、蠟燭、咖啡體驗課程。
在炎炎夏日裡找尋生活慢步調，來苗北享受一趟藝術心靈獨旅吧?
06/14  ▸ 仲夏芬多精
▹▸ https://reurl.cc/qG5Ylq
炎夏時節，繁忙的工作和煩亂的思緒也隨之升溫，天然植萃的芳香精華，是來自大自然的能量，也是平衡節奏、愉悅情緒、紓解煩燥的天然良方。
※可攜回一瓶自己調配的香水和一張藝術家獨家授權的藝術香氛卡
06/21 ▸ 冰紋藝術蠟
▹▸ https://reurl.cc/YYv3yn
融化的蠟遇上冰塊，創造出獨特的鏤空質感，點燃時，光影透過細緻的孔洞流轉，營造溫暖而夢幻的氛圍，每一顆蠟燭都是獨一無二的藝術品。
※可攜回一個藝術蠟燭。(顏色不限)
06/28  ▸ 咖啡漫遊記
▹▸ https://reurl.cc/xN93Y5
探索精品咖啡的奧秘！本課程帶您深入非洲、亞洲、中南美洲及海島四大咖啡產區，品味各區獨特風味。
※可攜回老師自焙精品咖啡豆1包。(半磅)
✦苗北藝術工坊，名額有限，額滿為止✦
✦本期課程僅開放單人報名，無親子組呦✦"
https://artemperor.tw/tidbits/18294,台灣，台北市,金車文教基金會【打造難忘的沉浸體驗】金車文藝講堂:陳心龍,https://d2onjhd726mt7c.cloudfront.net/images/datas/000/117/777/oekv2acwq1cwlz05p5c5ory7nxgli14f_800x420^.jpg,2025-06-14 ~ 2025-06-14,台北市中山區南京東路二段1號3樓,https://www.kingcarart.org.tw/projects-detail/177,陳心龍,"▌講堂簡介
如果說「生活即舞台」，那麼 #驚喜製造 Surprise Lab. 絕對是這場戲裡最會設計和引導情境的導演，這個出沒時間、地點難以預測的驚喜體驗製造商，是由陳心龍與林業軒於2016年共同創立，體驗領域橫跨餐飲、表演、樂園、街頭行動；創立至今，公司已推出 10 項自行生產與共創的作品，累積了億次的票房，在體驗設計這條道路上，闖出屬於自己的一片天。
這回金車文藝講堂特別邀請創辦人陳心龍現身分享，帶大家一窺那些精彩企劃背後的靈光與思維，更希望揭開「體驗設計」這門看不見卻深刻觸動人心的藝文活動。
特別推薦給對文化創意、展演設計、甚至創業旅程有興趣的朋友，若你也渴望跳脫日常，來這裡，或許會找到那份久違的驚喜與靈感！
立即報名 ➢ https://reurl.cc/vQo5Wo
▌講師介紹
➤ 陳心龍，為驚喜製造 Surprise Lab. 創辦人暨執行長，擅長整合各式創作媒材：沉浸式體驗、食物設計、表演藝術、平面動態影像，來創造各類型親身經歷的原創體驗內容，開啟台灣體驗新興市場。畢業倫敦帝國理工學院創新創業管理碩士。2016年回台成立 - 驚喜製造 Surprise Lab.，致力於形塑新型態的城市樣貌。
➤ 獲獎紀錄
2024《巴黎舞會：台北場》｜ Best 100 實驗新經典
2024《無光晚餐第三季》｜ 金點設計標章
2023《落日轉運站》｜ BEST 100 年度概念展演活動
2021《微醺大飯店：1980s》｜ 金點設計獎、BEST 100 年度概念展演活動
2019《微醺大飯店》 ｜ 金點設計獎、德國紅點設計獎
2018《一人餐桌》 ｜ 金點設計獎
▌講堂資訊 #公益講座
講師：陳心龍．Surprise Lab. 創辦人
講題：【打造難忘的沉浸體驗】
時間︰2025.06.14 (六) 14:00-16:00
地點：金車文藝中心 臺北南京館
地址：臺北市中山區南京東路二段1號3樓"
https://artemperor.tw/tidbits/18354,台灣，台北市,台灣文創發展股份有限公司【2025華山親子表藝節「心球漫遊」】踏上奇幻旅程，找到最閃亮的自己,https://d2onjhd726mt7c.cloudfront.net/images/datas/000/118/056/ek5d2nk1pc7dpxqmvwteirop7x0x0mfv_800x420^.jpg,2025-06-15 ~ 2025-08-17,八德路一段1號,https://lihi.cc/4oKlP,自然而然劇團、紅鼻子馬戲團、福德隆劇場、軟綿尾巴組、字母人工作室,"每顆星球都是一段生命旅程，讓我們一起踏入奇幻的戲劇世界，
學習經歷、勇氣、包容、珍惜和道別，勇敢面對旅途中的種種可能。
來場夏日遠足，在彼此的心球裡自在漫步吧！
6.15起，一系列親子工作坊搶先啟程！
5組團隊 x 24場演出 x 9場工作坊
7.18-7.20 自然而然劇團《大寶小寶轉圈圈Round and Round 》
7.24-7.27 紅鼻子馬戲團《貝斯伯的奇幻冒險》
8.02-8.03 福德隆劇場《蝴蝶大變！是變身的變》
8.09-8.10 軟綿尾巴組《文具店的實習魔女》
8.16-8.17 字母人工作室《遊心出發》
▲ 華山親子表藝節：早鳥85折至6/05止 ▲
▲ 所有節目主辦單位保留節目異動權，如有異動，以opentix資訊為主。
【2025華山親子表藝節】
自然而然劇團《大寶小寶轉圈圈》
【節目介紹】
一場讓阿公阿婆跟孫子孫女一起看的偶戲，生命宛如迴圈，原來終點和起點這麼像。
【演出資訊】
7/18(五) 14:00、16:00
7/19(六) 11:00、14:00
7/20(日) 11:00、14:00
【節目長度】40分鐘，無中場休息
【演出地點】華山1914文創園區 東3B館 烏梅劇院
【建議觀賞年齡】3歲以上
【票價】600元
【2025華山親子表藝節】
紅鼻子馬戲團《貝斯伯的奇幻冒險》
【節目介紹】
當害怕與挫折襲來，貝斯伯選擇了逃避……但這一次，他將展開一場奇幻旅程，尋回對棒球的熱愛與自信！
【演出資訊】
7/24(四)19:30
7/25(五)19:30
7/26(六)14:00、16:00
7/27(日)14:00、16:00
【節目長度】60分鐘，無中場休息
【演出地點】華山1914文創園區 東3B館 烏梅劇院
【建議觀賞年齡】全年齡可觀賞 13歲以下家長陪同
【票價】平日場 半價 $300／假日場 $600
【2025華山親子表藝節】
福德隆劇場《蝴蝶大變－是變身的變》
【節目介紹】
風雲再起，江湖翻轉！
每個選擇，都是一場影響未來的冒險！
【演出資訊】
8/2(六)10:30、14:30
8/3(日)10:30、14:30
【節目長度】50分鐘，無中場休息
【演出地點】華山1914文創園區 東3B館 烏梅劇院
【建議觀賞年齡】3歲以上
【票價】500元
【2025華山親子表藝節】
軟綿尾巴組《文具店的實習魔女》
【節目介紹】
在文具店找失蹤的狗狗？
這裡有什麼神秘的力量？
小魔女出任務囉！
【演出資訊】
8/09(六) 11:00、14:30(錄影場)
8/10(日) 11:00、14:30
【節目長度】50分鐘，無中場休息
【演出地點】華山1914文創園區 東3B館 烏梅劇院
【建議觀賞年齡】7歲以上
【票價】600元
【2025華山親子表藝節】
字母人工作室《遊心出發》
【節目介紹】
家遊家心意外掉入桌遊世界，他們是為了什麼而來？
又是誰在等著他們呢？
【演出資訊】
8/16(六) 11:00、14:30
8/17(日) 11:00、14:30
【節目長度】50分鐘，無中場休息
【演出地點】華山1914文創園區 東3B館 烏梅劇院
【建議觀賞年齡】3歲以上
【票價】550元"
https://artemperor.tw/tidbits/18371,台灣，台中市,國璽藝術【「異境夏語」當代藝術聯展】「Whispers of a Summer - Another World」Joint Exhibition,https://d2onjhd726mt7c.cloudfront.net/images/datas/000/118/133/ree7ixeo2n5tumwd69lzqcxr0gklw7d2_800x420^.jpg,2025-06-17 ~ 2025-07-17,臺中市南屯區向上南路一段167號3樓之１,https://lihi.cc/4oKlP,林文政、민창주、蔡英君、吳熙吉、海至、林國瑋、高堉銓、詹哲名、雷凱勛,"「異境夏語」當代藝術聯展
「Whispers of a Summer - Another World」Joint Exhibition
.
集結九位藝術家，以寫實與超現實風格交織出一場夏日視覺旅程。作品如同來自異世界的低語，引領觀者穿越日常邊界，在夢境與現實之間，聆聽屬於夏天的藝術語言。
.
Bringing together nine artists, this exhibition weaves a summer visual journey through the interplay of realism and surrealism. The works, like whispers from another world, lead viewers beyond the boundaries of the everyday, inviting them to listen to the artistic language of summer suspended between dream and reality.
.
｜展期｜2025.6/17 ～ 7/17
｜參展藝術家｜林文政 Wen Jen LIN、민창주 Chang Ju MIN、蔡英君 Kimmy TSAI、吳熙吉 His Chi WU、海  至 RAN HILL、林國瑋 Kuo Wei LIN、高堉銓Yu Cyuan GAO、詹哲名 Zhe Ming ZHAN、雷凱勛 Kai Hsun LEI
｜地點｜國璽藝術GSA Gallery
｜地址｜臺中市南屯區向上南路一段167號3樓之１"
https://artemperor.tw/tidbits/18311,台灣，桃園市,隱藝空間工作室【與風景對話】台灣日本藝術家交流展-台灣站,https://d2onjhd726mt7c.cloudfront.net/images/datas/000/117/858/8q4ikefc2aqhs2hho5e3rpyjm49vd9gz_800x420^.jpg,2025-06-18 ~ 2025-07-13,隱藝術-桃園市大園區大仁路48號,http://yinartspace.org/,林文政、민창주、蔡英君、吳熙吉、海至、林國瑋、高堉銓、詹哲名、雷凱勛,"當我們凝視風景的同時，風景也正回望我們。
這是一場來自台灣與「日本NAU21世紀美術連立協會」有所淵源的藝術家，  穿越地理的疆界，凝聚在風景之中，以藝術為媒介，彼此對話與傾聽。
「與風景對話－台灣日本藝術家交流展」匯聚來自兩國的創作者，透過繪畫、影像、聲音等多元媒材，呈現他們對自然、土地與記憶的獨特感知。風景不再只是眼中所見的自然實體，更是時間流動下的文化語境與內心映照。
此次展覽，隱藝術將空間轉化為一處共感場域，觀者在移步之間，彷彿走進藝術家心中的山川林野，也置身於一場跨文化的靜默對話。每一件作品，都像是一封來自風景的書信，等待被閱讀與回應。
在全球化與自然失衡的今日，這場展覽不僅是藝術交流，更是一種重新凝視土地與人之關係的邀請。
邀請您一同踏入風景，聆聽它的語言，與藝術家共構一場溫柔的對話。
策展人: 王穆提
展覽日期:2025.06.18~2025.07.13
開幕時間:2025.06.21(日)下午:14:00
*音樂演奏 -  長谷川友美
DJ音樂 - TokyoTakashi
*音樂活動｜2025.06.22(日)下午:1:00
DJ音樂 - Tokyo Takashi
音樂演奏 - 長谷川友美"
https://artemperor.tw/tidbits/18082,台灣，台北市,國家表演藝術中心 國家兩廳院【2025新點子實驗場 曾彥婷 《煉丹場》】Yen-Ting TSENG: The Grand Elixir Factory,https://d2onjhd726mt7c.cloudfront.net/images/datas/000/116/950/qjrovfm4ik62duw0nh268dp2m5lv8d6j_800x420^.jpg,2025-06-20 ~ 2025-06-22,國家兩廳院實驗劇場(臺北市中正區中山南路21之1號，愛國東路側),https://www.opentix.life/event/1895023736410050561,曾彥婷、蔣韜、許雁婷、温思妮、張雅淳、唐健哲,"保證百分百純天然添加！ 塑膠恐龍就是真的恐龍！
這樣看來，塑膠就不只是一種物質而已，它甚至是一種無盡轉換的概念，它是—正其俗名所傳達的—我們可以親眼目睹的普遍存在；也正因為這點，它才堪稱一種奇蹟般的物質：奇蹟永遠是一種自然的突發轉換。塑膠依然全盤浸潤在這股驚奇當中：與其說它是物品，不如說它是動作的痕跡。
——《神話學》, Roland Barthes, 1957.
攤開一張臺灣地圖，沿著油脈和管線，從神秘的黑水井、圍繞村莊的八百根煙囪，一路走到尋常人家的客廳。那裡，一台台轟隆隆的機器射出成型，煉製出熱騰騰的未來。
存在於地底千萬年的石油和它五花八門的衍生物，百餘年來與本島人的命運糾纏不清，我們深陷在這濃烈的易燃液體裡，直到再也聞不到異味。
由曾彥婷與蔣韜所成立的測不準工作室，從2020年至今持續研調發展《咱的塑膠夢》創作計畫，田調期間內研究臺灣的石化產業歷史及現況並訪談相關民眾與業者，試圖梳理石化產業及其產品在臺灣獨一無二的脈絡。《咱的塑膠夢》今年邁入第六年，《煉丹場》為該計畫最新創作。六位擅於運用不同媒材的創作者持續／再度周遊臺灣，翻攪這片土地的記憶與現實，他們帶著田野地的風景、氣味與聲響來到這座煉丹場，緩緩道來每一個與你我息息相關的故事。"
https://artemperor.tw/tidbits/18360,台灣，台北市,臺北市立美術館【奧拉弗・埃利亞松你的好奇旅程】,https://d2onjhd726mt7c.cloudfront.net/images/datas/000/118/073/ertrjf2aa8kkdnozs03rnfd2igc0q8yu_800x420^.jpg,2025-06-21 ~ 2025-09-21,台北市中山區中山北路三段181號,https://www.opentix.life/event/1895023736410050561,奧拉弗・埃利亞松,"展覽簡介 ▌
「奧拉弗．埃利亞松：你的好奇旅程」回顧冰島-丹麥藝術家奧拉弗．埃利亞松三十年的藝術生涯。本次展覽展出十七件作品，涵蓋裝置、繪畫、雕塑與攝影等創作，將埃利亞松的藝術實踐帶入亞太地區。
「旅程」的概念不僅意味著觀者與作品的移動，也象徵思想與探索的過程。埃利亞松運用自然元素、光線、色彩與運動，提高我們對自身周遭環境的感知。他的作品並非靜態的物件，而是需要透過觀眾的參與才得以啟動的動態實體──鼓勵我們重新思考慣常的觀看方式，並在空間中創造共享的經驗。展覽邀請觀眾留意日常生活中未曾察覺的面向，開啟對自我、美術館及世界的全新觀點。
「你的好奇旅程」為巡迴展，係與奧拉弗．埃利亞松工作室（Studio Olafur Eliasson）之合作策劃，陸續於新加坡美術館（Singapore Art Museum）、紐西蘭奧克蘭美術館（Auckland Art Gallery Toi o Tāmaki in New Zealand）、臺北市立美術館、雅加達努桑塔拉現當代藝術館（Museum MACAN in Jakarta）及馬尼拉當代藝術與設計美術館（MCAD Manila - Museum of Contemporary Art and Design）展出。
藝術家簡介 ▌
冰島-丹麥藝術家奧拉弗．埃利亞松（1967-）的作品探索藝術與世界的廣泛連結。自1997年起，他的個展陸續於世界各大美術館展出，創作形式涵蓋裝置、繪畫、雕塑與攝影。
埃利亞松以其挑戰感知並強調環境共創的展覽與公共裝置，在國際藝壇享有盛譽。2003年，他在倫敦泰德現代美術館的渦輪大廳創作《天氣計畫》（The weather project），以迷霧籠罩的巨大發光「太陽」創造沉浸式體驗。2008年，他在曼哈頓與布魯克林沿岸建造了四座大型人工瀑布，呈現於《紐約瀑布》（The New York City Waterfalls）計畫中。埃利亞松亦透過藝術探索氣候變遷的議題：2014年，他將格陵蘭冰川的碎冰帶至哥本哈根市中心，隨後2015年在巴黎、2018年於倫敦再次展出此《觀冰》（Ice Watch）計畫，讓路過的民眾得以親手觸摸來自格陵蘭的冰川碎片，見證冰川融化消逝的脆弱過程。2020年德國擔任歐盟理事會輪值主席國期間，他發表全球性藝術計畫《地球發言人》（Earth Speakr），與世界各地的兒童合作，鼓勵他們為地球發聲，該計畫由德國外交部支持。2022年，他於卡達杜哈郊外的沙漠設置了《那天在海上旅行的陰影》（Shadows travelling on the sea of the day），以一系列大型鏡面裝置，吸引人們關注當地的脆弱生態環境。
2012年，埃利亞松創立社會企業「小太陽」（Little Sun），並持續參與其發展至2024年。2014年，他與塞巴斯蒂安．貝曼（Sebastian Behmann）共同成立「其他空間工作室」（Studio Other Spaces），這是一間專注於藝術與建築的創作機構。2019年，他被任命為聯合國開發計劃署（UNDP）氣候行動親善大使。2023年，他獲頒日本皇室的高松宮殿下世界文化獎（Praemium Imperiale），表彰其對藝術發展、推廣與進步的卓越貢獻。
奧拉弗．埃利亞松工作室（Studio Olafur Eliasson）位於柏林，由藝術家與工藝師、建築師、檔案管理員、研究人員、行政人員、廚師、藝術史學者及技術專家組成的大型團隊共同運作。
展覽資訊  ▌
奧拉弗・埃利亞松：你的好奇旅程
展期：2025.06.21-2025.09.21
地點：臺北市立美術館 一樓1A、1B展覽室"
https://artemperor.tw/tidbits/18328,台灣，新竹市,新竹市美術館【紋影 Reflecting on Self】賴佳慧藝術創作個展,https://d2onjhd726mt7c.cloudfront.net/images/datas/000/117/939/0kx7bz7nzhfxc8e3i244do3eziwt4epz_800x420^.jpg,2025-06-24 ~ 2025-08-03,新竹241藝術空間(新竹市中央路241號6樓),https://www.facebook.com/hsinchu241?locale=zh_TW,賴佳慧,"《紋影 Reflecting on Self-賴佳慧藝術創作個展》
我們何時意識到靈性帶領的生活？也許是在生命驟然失衡時，也許是在靜默深夜裡的自問。「靈性」時常被認為遙遠而抽象，卻其實從未離開。它潛藏在每日選擇、情緒波動與內在對話中，等待我們回望與覺察。
當外在的追逐逐漸耗盡內在能量，筆者開始轉心向內，穿越層層厚重的結構，重新找回那些曾被忽略的柔軟與真實。靈性的覺醒，不是來自外界的聲音，而是來自深處對完整、理解與平靜的渴望。
本展以金屬編織與鏡象對稱，呈現靜謐而深刻的靈性狀態。金屬如記憶之線，交織日常與生命轉折；對稱圖樣則象徵內外對話與自我整合。作品不只是物件，更是能量的流動與心靈的映照。
「紋」，是靈魂的語言，是生命經歷後留下的痕跡。每一道紋路，都是一次誠實的凝視與蛻變的記錄，也引領我們朝向更完整的自己。
《紋影 Reflecting on Self-賴佳慧藝術創作個展》
展期|6月24日至8月3日
開放時間|週二至週日早上10點至下午6點（每週一休館）
展覽地點|新竹241藝術空間（新竹市中央路241號6樓）
藝術家|賴佳慧
承辦單位|新竹市文化局"
https://artemperor.tw/tidbits/18170,台灣，台北市,中正紀念堂【威廉．透納特展: 崇高的迴響】英國泰德美術館典藏,https://d2onjhd726mt7c.cloudfront.net/images/datas/000/117/277/6z3ms3xat9mmgb64aq57kms1b2nbrp8f_800x420^.jpg,2025-06-27 ~ 2025-10-12,中正紀念堂一、二展廳,https://pse.is/7f8nv6,威廉．透納,"【全球史上最大規模威廉．透納真跡畫展首度來台展出】
英國最偉大的藝術家威廉．透納，將其大部分作品遺贈給英國，並收藏於泰德美術館，本展將帶來高達80件威廉．透納真跡，涵蓋素描、水彩以及珍貴油畫，內容巧妙結合透納的旅行經歷與創作主題，以始於英國風景、走入山間、歷史故事、威尼斯、海上風暴、海天之間、大自然的崇高美學等主題，分為七大展區，貫穿他精彩的創作生涯。
從透納早期描繪英國風景的細緻筆觸，到壯麗再現阿爾卑斯山光影變幻的作品，再到對威尼斯詩意氛圍的描繪，完整揭示透納藝術風格的演變歷程，以及他對光線與氛圍獨特的詮釋。觀眾不僅可欣賞到透納早期精緻的風景畫，更能欣賞到他晚期奔放自由的色彩運用。為了凸顯透納作品的劃時代，泰德美術館更精選近30件當代藝術家作品加入展出，打造出前所未有、最大規模也是最全面的威廉．透納特展。
.
【英國最偉大的畫家 威廉．透納的恆久影響力】
英國泰德美術館策展人伊莉莎白．布魯克表示：「本展將引領觀眾走進威廉．透納的自然世界，從壯麗的風景畫到他作為光線與氛圍的探索先驅，呈現這位大師非凡的藝術成就。展覽將與約翰．亞康法、奧拉佛．埃利亞松、理查德．朗、科妮莉亞．帕克、凱蒂．帕特森、馬克．羅斯科、潔西卡．沃博伊斯等近30位頂尖藝術家的作品對話，顯示透納對繪畫及西方藝術中崇高表現的深遠影響。80件透納真跡與近30件當代藝術作品的並陳，對我們來說是巨大的挑戰，儘管過程充滿困難，能夠成功在台灣展出，我們深感榮幸，並且誠摯地邀請大家，把握這個難得的機會，親眼見證威廉．透納的藝術魅力。」
.
「威廉．透納特展：崇高的迴響」將於今年6/27至10/12在中正紀念堂盛大展出，4/23透納生日當天中午12點，udn售票網獨家搶先開賣預售票，包含預售單人票400元、畫框特殊設計雙人紀念套票900元，以及台北展限定商品套票，更與知名作家謝哲青合作舉辦透納主題講座，推出限量講座套票等。為盛大慶祝威廉．透納大規模真跡首度在台展出，主辦單位更加碼推出，預售期間在udn售票網購買任一票種，即可參加印有透納自畫像的20英鎊週週抽，以及Tate × Swatch聯名手錶【TURNERS SCARLET SUNSET】抽獎活動，趕緊把握機會預約這場今年度最盛大的藝術饗宴。
◆更多資訊請上udn售票網查詢
https://pse.is/7f8nv6
.
「威廉．透納特展：崇高的迴響」英國泰德美術館典藏
【展覽日期】2025.6.27-10.12
【展覽地點】中正紀念堂一、二展廳
【參展藝術家】
約瑟夫．馬洛德．威廉．透納（Joseph Mallord William Turner）
(以下依姓氏字母順序)
約翰．亞康法（John Akomfrah）
愛德華．伯汀斯基（Edward Burtynsky）
彼得．多伊格（Peter Doig）
奧拉弗．埃利亞松（Olafur Eliasson）
霍德華．霍奇金（Howard Hodgkin）
羅尼．霍恩（Roni Horn）
彼得．蘭永（Peter Lanyon）
理查德．朗（Richard Long）
麗莎．米爾羅伊（Lisa Milroy）
科妮莉亞．帕克（Cornelia Parker）
凱蒂．帕特森（Katie Paterson）
馬克．羅斯科（Mark Rothko）
沃爾夫岡．提爾曼斯（Wolfgang Tillmans）
潔西卡．沃博伊斯（Jessica Warboys）"
https://artemperor.tw/tidbits/18083,台灣，台北市,國家表演藝術中心 國家兩廳院【2025新點子實驗場 不二擊聲音製造所 薛詠之 《寄聲之廟》】Uni Percussion: Temple of Resonance,https://d2onjhd726mt7c.cloudfront.net/images/datas/000/116/951/4h0v2qboowqla0nz6p79e9t9siwfwrdv_800x420^.jpg,2025-06-27 ~ 2025-06-29,國家兩廳院實驗劇場(臺北市中正區中山南路21-1號),https://www.opentix.life/event/1894585802624077825,薛詠之、不二擊聲音製造所,"用耳朵參拜，走進聲音的廟宇，感受信仰的共鳴
百年信仰文化 X 當代實驗擊樂 X 遊走式劇場
當雙手合十、閉上雙眼，耳朵接收的，不僅是聲音，而是信仰的世界。
由不二擊聲音製造所藝術總監薛詠之以當代擊樂為基礎，打造一場遊走式的聲音劇場，帶領觀眾從遶境入廟到擲筊許願，探索信仰的聲音力量。結合當代擊樂、北管、遶境聲響氛圍等元素，融入電子聲響與廟埕田野錄音，構築出一座「看不見的廟」。演出中觀眾可自由走動，如同進入真正的廟宇般，感受神聖與日常記憶的交會，邀請你用耳朵參拜，一起成為聲音的信徒。
臺灣的廟宇無處不在，是這片土地最獨特的文化印記。鑼鼓喧囂、戰鈸穿天，是廟會活動中熟悉的熱鬧景象，也是台灣人共同的回憶畫面。人們藉由遶境、陣頭和祈拜，向神明訴說心事、祈求平安與幸福。廟宇不僅是信仰的寄託，更是生活中的重要存在。然而，日常的熟悉使我們對宮廟文化的細節與深層意義少有深入的探討。
2024年5月，《寄聲之廟》於高雄春天藝術節首次登場，獲得熱烈迴響，更入圍第23屆台新藝術獎。這場演出靈感來自建築師賴伯威的著作《寄生之廟》，並以其諧音「寄聲」展現聲音與信仰的交會。台灣信仰文化的力量無處不在，即使不是信徒，人們依然能在日常生活中感受到廟宇文化的擴散與滲透。信徒將願望與期待寄託於眾神，那些無形的信仰匯聚成巨大的力量。而《寄聲之廟》則以聲音作為媒介，傳遞這些力量，探索實體廟宇與心靈殿堂的虛實交融，並將其寄生於劇場的黑盒子空間中。"
https://artemperor.tw/tidbits/18298,台灣，台北市,玉山文教基金會【站在玉山・擁抱藝術】藝文講座-根源於土地的未來,https://d2onjhd726mt7c.cloudfront.net/images/datas/000/117/788/gw25vbc4lboefjtkd4zwfjb5snkc335h_800x420^.jpg,2025-06-28 ~ 2025-06-28,玉山金控第二總部（臺北市敦化北路315號2樓）,https://survey.esunbank.com/s/AMYqD,尤瑪．達陸、廖仁義,"讓藝術豐富生活、用美學滋養人生，
玉山文教基金會舉辦『站在玉山 擁抱藝術』藝文講座，
邀請藝文領域專家以多元主題視角，分享泰雅族傳統織布工藝之美，
並由前國立臺灣美術館館長廖仁義教授擔任引言人，
邀請您一同參與，透過更多藝文交流的機會，看見臺灣的藝術活力！
主題
根源於土地的未來
講座日期
2025.06.28(六) 14:00-16:30
講座地點
玉山金控第二總部（臺北市敦化北路315號2樓）
講座內容
以泰雅族傳統織布工藝為核心，闡述文化復興與藝術創作。透過織布工藝材料「苧麻」，開啟了利用的循環經濟系統，為部落的文化經濟加入前瞻性的力量。創作根源於土地生長出的文化養分，並延續成為未來的基礎，為原住民染織工藝與藝術種下深遠的希望。
關於講師
尤瑪．達陸（文化部授予「重要傳統藝術保存者」）
2016年由文化部頒發重要傳統藝術暨文化資產保存技術保存者，是當時國內人間國寶中最年輕的工藝師，以近10年的時間進行田野訪查了泛泰雅200多個部落工作，同時也到不同的國家英國、加拿大、日本、中國等地的博物館找尋民族文物，進行拍攝、紀錄、整理與系統分類，完成了泛泰雅的服務系統。
2001年開始培育部落織者進行博物館民族傳統服飾的重製技藝訓練，至2009年共重製近500件泛泰雅傳統的服飾。2010年鑑於民族教育的迫切，創立了色舞繞民族教育學園，從幼兒開始教育泰雅族的族語與民族生活文化知識。2016年成功地促成第一所泰雅民族實驗小學的成立，近年也在努力鼓吹泰雅染織工藝學校的催生。2020年積極的導入織布工藝材料－苧麻的振興工作，開啟了苧麻全株利用的循環經濟系統，為部落的文化經濟加入前瞻性的力量。希望對原住民的染織工藝種下多元的希望，近年更積極結合當代議題和現代材料與元素進行纖維藝術的創作，織品創作充滿自然溫厚的感受與想像，並與國際工藝師、藝術家產師連結，希望臺灣能從自身文化中建立獨特性與世界的連結性。
引言人
廖仁義(前國立臺灣美術館館長)
廖仁義教授(1958- )是法國巴黎第十大學美學博士，曾任國立臺北藝術大學博物館研究所所長、巴黎臺灣文化中心主任與國立臺灣美術館館長，目前也是玉山文教基金會董事。除了從事藝術博物館的研究與教學，也從事藝術史與藝術評論工作，曾經獲得巫永福文化評論獎與李仲生藝術評論獎。長期以來，他持續開授臺灣美術史的課程。做為教育工作者，他重視教育必須有效地把知識傳遞給學習者。在臺灣美術史的教學工作中，他發現，許多人很想接近藝術，卻總覺得藝術與自己之間有著距離，因此，他致力於透過清晰的臺灣史脈絡，去呈現每一個時代臺灣美術的發展，讓這個知識領域平易近人。藉由這個講座，我們希望為民眾提供一個臺灣美術的入門捷徑，讓藝術豐富臺灣人的文化心靈。
立即報名：
https://survey.esunbank.com/s/AMYqD
《此系列藝文講座不需費用，名額有限，額滿為止》"
https://artemperor.tw/tidbits/18315,台灣，苗栗縣,苗栗縣苗北藝文中心【堆疊的風景】陳怡今蠟筆畫創作展,https://d2onjhd726mt7c.cloudfront.net/images/datas/000/117/872/l8ni4in0eo1joif2ng85g09dxfxtkory_800x420^.jpg,2025-07-02 ~ 2025-08-31,苗栗縣竹南鎮公園路206號--苗北藝文中心,https://www.miaobeiac.org/mod/course/index.php?REQUEST_ID=SAJTHC1UVXxKWXA2XS9BWQxbB0E,陳怡今,"「繪畫是場⼼智活動，你無法忽視內在的感受就產出。」這是今今在⾃出版《創作筆記2：寫⽣》書中寫下的⼀句話。
2023 年起，今今深刻投⼊了⼀場四季⾵景寫⽣的計畫。這不僅是媒材研究練習，更像是⼀場⼼靈的修⾏。站在⾵景⾯前，今今每每感受到⾃⼰在浩瀚⼤⾃然⾯前的渺⼩與未知，這份⼼境促使我更深⼊地觀察、反思與表達。
今年，期望在展覽中擴展⾵景寫⽣的創作範疇與深度，探索更多⾵景與記憶、媒材間的關係。
每⼀次描繪，都是我與⾃然間⼼靈對話的具象化。我意識到，繪畫不僅限於「再現」曾經所⾒，⽽是透過創作來尋找新的視⾓和情感表達⽅式，是是⼀場內在情感與思考的交織。在原有創作的基礎上，我計劃透過尺幅的變化來轉換視⾓——縮⼩或放⼤、或延伸，以此引發新的創作體悟。在縮⼩尺幅時，需更注重筆觸的精緻與情感的凝練；⽽放⼤尺幅時，則需留意筆觸的層次、空間感的平衡與留⽩關係。
透過這次個展「堆疊的⾵景」呈現出今今對⾵景寫⽣的熱情，深刻體悟每個當下與探索繪畫的種種過程。讓觀者能在廣闊的⾵景中感受到⼀種開放的、無邊界的⾃然體感。希望藉此找到新的繪畫表達⽅式，近⽽對觀者的觀看⽅式產⽣影響，引發對⾵景與情感的⾃我反思。
「畫⾵景的我，越畫下去就越能了解⾃⼰。」今今"
https://artemperor.tw/tidbits/18353,台灣，台中市,丹之寶TANSBAO Gallery【ART TAICHUNG 2025台中藝術博覽會】TANSBAO丹之寶  Room 0808,https://d2onjhd726mt7c.cloudfront.net/images/datas/000/118/046/n59olph2v973sii7dkk9welzu1uobegu_800x420^.jpg,2025-07-03 ~ 2025-07-06,台中日月千禧酒店（台中市西屯區市政路77號）,https://www.miaobeiac.org/mod/course/index.php?REQUEST_ID=SAJTHC1UVXxKWXA2XS9BWQxbB0E,金寶旺楚克  GYEMPO WANGCHUK、金柏麗 ZIMBIRI、夏達・什雷斯塔、桑尼・薩希爾·博帕爾、丹增・葛美・多吉、柯驎晏、蔡名璨、陳帟覠,"丹之寶將於2025台中藝術博覽會呈現策展主題：「The Human Spirit of Asia’s Inner Landscapes 亞洲內在的人文風景」，詮釋喜瑪拉雅當代藝術與台灣當代藝術在全球風潮下的蓬勃脈動及發展。展會將展出喜馬拉雅當代藝術家：Gyempo Wangchuk、Zimbiri、Tenzin Gyurmey Dorjee、Shraddha Shrestha、Sunny Sahil Bhopal；台灣當代水墨藝術家：柯驎晏、蔡名璨及陶藝藝術家陳帟覠等創作。
喜馬拉雅地區的文化反映了人類對自然與宇宙和諧關係的探索。在深厚的宗教背景下，當代喜馬拉雅藝術家巧妙地將傳統符號和文化象徵融入創作，深刻體現了對宇宙秩序的認識與對自然的謙卑，並表達了人類與自然力量間無形的聯繫。特別介紹喜馬拉雅當代藝術家 Gyempo Wangchuk、Zimbiri、Tenzin Gyurmey Dorjee 及 Shraddha Shrestha。Gyempo Wangchuk 以不丹傳統唐卡工藝為基礎，探索神祇圖像的多樣性並進行創新，表達了心靈深處的敬畏與理解，精湛的創作技巧不僅讓 Gyempo 獲「不丹唐卡鬼才」美譽，也讓他廣獲國際市場的關注，並兩度入圍 Sovereign藝術基金會「傑出亞洲藝術獎」。Zimbiri 則以不丹當地的土漆為媒介，創作形狀各異的「老虎」形象；老虎在不丹文化中具有強大象徵意義，Zimbiri 藉此探索人類與自然力量之間的動態關係，挑戰並重新詮釋這些傳統符號，她的藝術吸引了多元化的觀眾，使更多人能夠參與並理解喜馬拉雅豐富多彩的文化內涵。Tenzin Gyurmey Dorjee，2024年首屆魯賓美術館喜馬拉雅藝術大獎得主，將自己印度籍藏裔的移民者身份與喜馬拉雅地區的共同經歷交織於作品中。Gyurmey 擅長將全球性議題化約為可以感知的日常經驗，同時融入幼時所接觸的美式卡通及漫畫元素，在原麻布上使用層疊及刮除壓克力顏料的手法，既製造了特殊的肌理效果，也和畫中所保留的大量空白畫面呼應，使離散的缺失在畫面中與美好記憶重逢，為觀眾留下想像與詮釋的空間。 Shraddha Shrestha 為尼泊爾新銳女性藝術家，創作將傳統神祇形象以美式卡通造型重新翻玩，她將街頭藝術與傳統結合的手法，既為尼泊爾當代藝術注入新活力，也體現出喜馬拉雅地區文化與全球文化交融的盛況，新穎的表現方式也讓她的作品獲得魯賓美術館典藏。
台灣當代藝術家則游刃於傳統文化、風景與現代精神之間，藉由將日常經歷與想像融入藝術創作，對水墨題材進行解構與再提煉。柯驎晏擅長突破傳統水墨空間的模式，以人、地景與自然的結合，藉由鮮明的色彩將山水風景提升至當代的語境；蔡名璨將中式家具與文人生活的概念融入畫中，以充滿戲劇性與想像空間的畫面與水墨傳統印象產生碰撞。陳帟覠的作品融合了天然礦石與陶土，陶與礦在她的手中不僅是材料的呈現，更是時間與自然力量的乘載之器。
丹之寶藝術家以各自獨特的視角詮釋對生命之源的深刻探索，創作不僅是對傳統的反思與挑戰，更是描繪亞洲在全球化浪潮下仍保有的精神地景。
Tansbao will present the curatorial theme “The Human Spirit of Asia’s Inner Landscapes” at Art Taichung 2025, showcasing the vibrant evolution of Himalayan and Taiwanese contemporary art within a global context. Featured artists include Himalayan creators Gyempo Wangchuk, Zimbiri, Tenzin Gyurmey Dorjee, Shraddha Shrestha, and Sunny Sahil Bhopal, alongside Taiwanese artists Ke Lin Yen, Tsai Ming Tsan, and Chen Yi Chun.
Himalayan culture reflects a deep spiritual relationship with nature and the cosmos. Contemporary artists from the region skillfully integrate traditional symbols and sacred imagery, expressing reverence for natural forces and a profound awareness of cosmic harmony. Gyempo Wangchuk reinterprets Bhutanese thangka painting with bold innovations, earning him the title “Thangka Prodigy of Bhutan” and multiple international accolades. Zimbiri uses natural Bhutanese pigments to paint stylized tigers, a powerful symbol in her culture, exploring the dynamic connection between humanity and nature.
Tenzin Gyurmey Dorjee, winner of the 2024 Rubin Museum Himalayan Art Prize, blends his Tibetan-Indian heritage with global influences, using textured acrylic layers on raw jute to evoke memory, displacement, and childhood imagination. Shraddha Shrestha, a rising artist from Nepal, reimagines deities through a street-art lens, merging tradition with global pop culture. Her fresh visual language has earned her a place in the Rubin Museum’s collection.
Taiwanese contemporary artists explore the intersection of tradition, landscape, and modern identity through ink and ceramics.
Ke Lin Yen revitalizes landscape painting with vivid colors and experimental spatial composition. Tsai Ming Tsan draws from literati culture and classical furniture, creating theatrical and imaginative visual narratives. Chen Yi Chun transforms minerals and clay into poetic ceramic forms, embodying nature’s time and elemental energy.
Each artist offers a unique perspective on the human spirit and its connection to tradition, nature, and cultural memory. Together, they reflect a living spiritual landscape—one that continues to evolve amid the forces of globalization.
■ 丹之寶 TANSBAO ｜ROOM : 0808
■ Participating Artists 展出藝術家｜Gyempo Wangchuk、Zimbiri、Tenzin Gyurmey Dorjee、Shraddha Shrestha、Sunny Sahil Bhopal、柯驎晏、蔡名璨、陳帟覠、蔡名璨
■ VIP Preview 貴賓預展｜2024/7/3 (Thu) 15:00 ~19:00
■ Public Days 公眾展期｜2024/7/4 (Fri)～7/6 (Sun)
■ Opening Hours開放時間｜12:00-19:00 (7/6 至18:00)
■ Venue 展覽地點｜台中日月千禧酒店（台中市西屯區市政路77號）"
https://artemperor.tw/tidbits/18364,台灣，新北市,鶯歌光點美學館【填空題】光點新秀陶藝創作聯展,https://d2onjhd726mt7c.cloudfront.net/images/datas/000/118/124/364m27yj0q2u57od3t8fv6tc6vduhhpf_800x420^.jpg,2025-07-04 ~ 2025-07-28,新北市鶯歌區陶瓷街18號3F,https://www.miaobeiac.org/mod/course/index.php?REQUEST_ID=SAJTHC1UVXxKWXA2XS9BWQxbB0E,呂嘉凌、楊貴棻、許湘甯、張紘翔,"展覽名稱｜【填空題】光點新秀陶藝創作聯展
展覽期間｜2025.07.04－2025.07.28
開幕茶會｜2025.07.13 Sun. 15:00
開放時間｜10：00－19：00（每月一、三週之星期二休館）
地　　點｜光點藝術中心　三樓展覽廳
地　　址｜新北市鶯歌區陶瓷街18號
展覽專線｜02-2678-6577
展覽介紹｜
「對你來說，陶藝創作是什麼？」這是一個我們身為創作者時常自問的問題。展覽命名為「填空題」，期待觀者在觀展的同時，也能拋出這樣的提問給自己：「陶藝，是什麼？」我們希望這不只是一場展示作品的展覽，而是一段思考的旅程。每位觀者都能在作品與自身的感受之間，填入屬於自己的答案，靜靜地在心中寫下。不同的材料語言、手法與思維，交織出一場關於陶藝的多重對話，邀請你一起填寫這道填空題。
▌藝術家介紹 ——
呂嘉凌｜以陶為筆，為記憶築起形體
出生於桃園的呂嘉凌，擁有服裝設計與陶藝雙重背景，現就讀於國立臺灣藝術大學工藝設計系陶瓷組研究所。她的創作源自於對日常生活的細膩觀察與筆記式紀錄，將觸動心靈的片段化為陶土的語言，再次賦予回憶以形體。從《Wild Dream》雙人展到參與陶溪川與法藍瓷等國際交流，她不斷拓展視野，也將個人記憶轉化為觀者共鳴的能量。她的作品如一則則靜謐的故事，用陶土留住生活的微光，為「我」的存在找到溫柔而堅定的出口。
楊貴棻｜壓力的輪廓，從陶土中浮現
來自三峽的楊貴棻，以陶為媒介，凝視孩子在家庭與社會期待間所承受的無形壓力。現就讀於國立臺灣藝術大學工藝設計系陶瓷組研究所的她，擅長透過模製成形與異材質結合技法，展現束縛與變形的形式語彙，將心理壓迫具象化。她的創作不只是一種情緒的釋放，更是對親子關係、自我認同與文化期許的反思。曾入選法藍瓷光點計畫並多次參與陶溪川交流展的她，讓壓力不再隱形，而是轉化為陶土上深刻的肌理與痕跡。
許湘甯｜解構陶藝語彙，探索土與釉之間的可能性
出生於桃園的許湘甯，現就讀於國立臺灣藝術大學工藝設計系陶瓷組研究所，其創作跳脫傳統陶藝對材料的分類與框架，以實驗為方法，尋找介於土與釉之間的質地可能。她的作品強調材料本身的語言與變化，在一次次的對話中探索時間、記憶與消逝的流動性。曾入選臺灣陶藝獎與磺溪美展，也參與韓國、景德鎮等地展覽，她的作品既不企圖說明個人情感，卻反而以低語般的質地，引領觀者感知更深層的材料之詩與時間之歌。
張紘翔｜以身體為器皿，承載無聲的情緒記憶
張紘翔來自新北市，現為國立臺灣藝術大學陶瓷組研究所學生。他將創作視為一種內在情緒的沉澱與提煉，認為身體是儲存情緒與經驗的容器，那些未曾言說的感受，會在陶土上悄然留下痕跡。從《Wild Dream》雙人展到參與《瓷上中國》等國際展會，以及獲選苗栗陶藝競賽優選，他持續以陶為媒，記錄生活中真實且私密的片刻。同時，他亦關注3D列印技術於陶藝的應用，讓創作在當代表達與技術實驗間交織，展現出既誠摯又具未來感的藝術語言。"
https://artemperor.tw/tidbits/18084,台灣，台北市,國家表演藝術中心 國家兩廳院【2025新點子實驗場 楊乃璇《漚 少年 àu siàu-liân》】Nai-Hsuan Sunny YANG:Worn Yet Unfolding,https://d2onjhd726mt7c.cloudfront.net/images/datas/000/116/952/jtwjqp4wgvomzpcnf9l6j5ogfuqa81i0_800x420^.jpg,2025-07-04 ~ 2025-07-06,國家兩廳院實驗劇場(臺北市中正區中山南路21-1號),https://www.opentix.life/event/1894332360433307649,楊乃璇、陳薏如、張祐嘉（吊嘎）、郭爵愷、徐立恩、陳郁錡,"少年免驚漚
漚久，才會出味 ——— 《漚 少年》
每個人都有兩次生命，第一次是活給別人看的，第二次是活給自己看的。
第二次生命，常常從四十歲開始。 ——— 卡爾·榮格
「我什麼時候變成前輩了？」
我一直都是在做我喜歡的事啊，
為什麼沒有人再告訴我可以怎樣做得更好了？
於是我想到了我可以求助於ChatGPT 。
我問：「人生中既殘忍又真實的事情」有哪些？
以下是它的回應：
1. **時間不會為任何人停留**
2. **親密關係中的疏離與變化**
3. **每個人最終都必須面對失去**
4. **沒有人能永遠保證安全**
5. **每個人都會犯錯**
6. **孤獨是每個人都無法逃避的**
7. **我們﻿無法控制所有事**
8. **美好與痛苦常常並存**
我還很有禮貌地跟它說聲：謝謝，辛苦了！
過多得體但不必要的情緒勞動，經過時間擠壓、扭曲累積出的皺摺，正如同身上的贅肉，更像一條皺巴巴的抹布，持續不斷地擰扭與浸泡在日常之中。
中年危機不過是眾多危機的一種，我想用我的方式懦弱又快樂地說：
“ What is yours, will always find you.“
小事製作藝術總監楊乃璇以中年之軀、少年幻想之力
與五位新生代舞者一同「身體勞動」
邀請你走進「漚」的絕對領域！"
https://artemperor.tw/tidbits/18370,台灣，台北市,陳氏藝術 Chens Art Gallery【朦朧與蝕——林墨個展】,https://d2onjhd726mt7c.cloudfront.net/images/datas/000/118/147/ink0mtcr9hvus2qgeyy2w8kx63qsze3v_800x420^.jpg,2025-07-12 ~ 2025-09-13,八德路二段100號,https://www.chensart.com,林墨,"「朦朧與蝕」林墨個展 - ""Hazy & Eclipse""  Lin Mo Solo Exhibition
展覽介紹——
《朦朧與蝕 Hazy & Eclipse》中國裔西班牙籍藝術家林墨（Lin Mo）於台灣個展。陳氏藝術於此次展覽精選藝術家今年創作之十八件作品，聚焦其代表系列之一的《色皮系列 Skin Color》，透過西方繪畫的語言揉入東方藝術的神韻，一探中國海外當代藝術家對東西方藝術的「回答」。
此次展出的十八件壓克力新作，是林墨《色皮系列》的衍生創作，以壓克力皮上為基底在上面做微雕刻，是對東方水墨留白語境的再表達，讓鏤空的線條與洞點成為他獨有的藝術語言。以實驗水墨的精神，用西方繪畫媒材與表現方式，結合東方謐諭而深厚的文化語言，通过色彩明艷的壓克力顏料，在相互堆疊交加下，讓色與色的交融幻化成水墨與印象派的朦朧美。而深淺不一的刻痕與孔洞，在光與影的交織下，是林墨對華夏傳統文化「皮影戲」的致敬；同時那些被雕琢的痕跡，也是對西方主流藝術滲入東方傳統的具象，是一種西方意識對東方文化的侵蝕的質問與回答。然而，如今當代藝術的多元性早已模糊文化、風格、媒介與觀念的邊界，林墨也深信萬物縱使再多，也始終由「一」而生，因此藝術創作對林墨來說，是一種自我確認的回答與方法。
林墨的繪畫展現了生命內在的「Spontaneity」（自發性）。他以多元文化視角為基底，參含複合媒介，發展出獨特的創作方法，並透過人文精神的內在性重新詮釋傳統。他的藝術回歸到藝術家自我意識與心性的純粹表達，將創作視為生命的延伸。在當代繪畫中，林墨延續了中國傳統文化中「太極」與「道」的精神，使古老哲思在筆觸與色彩間獲得新生。
.
展期｜2025.07.12 - 2025.09.13
開幕｜2025.07.12 下午 3:00-5:00
開放時間｜每週二至週六 11:00 - 19:00
地址｜台北市中山區八德路2段100號
電話｜02-2752 2578
Date｜2025.07.12 - 2025.09.13
Openning Event｜2025.07.12  PM3:00-5:00
Open｜Tues - Sat 11:00 - 19:00
Address｜NO.100 SEC.2 BADE ROAD ZHONGSHAN DIST. 10491 TAIPEI CITY TAIWAN
TEL｜02-2752 2578
.
.
.
#華裔藝術家
#西班牙
#巴塞隆納
#林墨 #Linmo
#印象派
#實驗水墨
#壓克力
#chensart
#陳氏藝術"
https://artemperor.tw/tidbits/18086,台灣，台北市,國家表演藝術中心 國家兩廳院【2025廳院選《少年Pi的奇幻漂流》】Life of Pi,https://d2onjhd726mt7c.cloudfront.net/images/datas/000/116/955/635h7j5kxxm0p01z8vcn9pfiunwdls6j_800x420^.jpg,2025-07-17 ~ 2025-07-27,國家戲劇院(臺北市中正區中山南路21之1號，愛國東路側),https://www.opentix.life/event/1896861497753829377,楊．馬泰爾、羅莉塔．查克拉芭蒂、馬克斯．韋柏斯特、提姆．哈特利、芬恩．考德威爾、尼克．巴恩斯、芬恩．考德威爾、安德列．古爾丁、提姆．盧特金、卡洛琳．唐寧、安德魯．T．麥凱,"．李安奧斯卡獲獎電影同名之作，首度引進亞洲
．全球劇場神話，獲奧立佛獎及東尼獎八項大獎
．極致細膩巨型動物戲偶，如夢似幻視覺效果，宛如身歷其境
改編自全球熱銷1400萬冊小說《少年Pi的奇幻漂流》。2012年李安導演改編為電影，並獲得奧斯卡金像獎最佳導演。劇場版作品由編劇羅莉塔．查克拉芭蒂（Lolita Chakrabarti）操刀，今年首度登上亞洲舞台，以極致細膩的巨型動物戲偶及如夢似幻的視覺效果，橫掃美國東尼獎與英國奧立佛獎共八項大獎，今年7月於臺北國家戲劇院磅礡登場！
延續原著核心精神，故事講述少年派．莫里托．帕特爾（Piscine Molitor Patel）在一次船難中失去家人，獨自漂流於浩瀚大海的故事。他唯一的同伴是一隻名叫「理查．帕克」的孟加拉虎。在長達227天的孤獨求生旅途中，少年Pi與猛虎在微妙的平衡中共存。舞台劇透過栩栩如生的巨型動物戲偶與奇幻的視覺特效，帶領觀眾如臨其境，感受少年Pi與理查．帕克的驚險旅程，並在充滿未知與希望的藍色汪洋中，探索信仰與真相的深層意義。"
https://artemperor.tw/tidbits/18283,台灣，台南市,台南人劇團【《愛情生活》攻受版】2025謝孟庭X杜瑋哲　攻受互換　全新組合,https://d2onjhd726mt7c.cloudfront.net/images/datas/000/117/729/5hqlakcfigzqsjmzguok8qxe9h42po28_800x420^.jpg,2025-07-18 ~ 2025-07-19,臺南文化中心原生劇場,https://www.opentix.life/event/1917106254729007105,呂柏伸、許正平、謝孟庭、杜瑋哲,"2023-2024臺北24場演出　口碑爆棚　佳評如潮
2025謝孟庭X杜瑋哲　攻受互換　全新組合
後同婚時代的多劈戀曲　成婚不成家
滿滿愛意的角色互換　濃濃愛液的攻受交替
小動物們奇情又哀愁的慾室漂流
能否航向幸福快樂的小港灣？
#劇情大綱
狗，是一個背負房貸且不斷被交往多年的男友催婚的男同志；貓，是一個樂於遊牧在不同男人溫暖懷抱，卻在遇見狗之後，決定試試看定居的滋味。兩人在這個將熱戀幸福或失戀傷痕全當作是自我展演的社群媒體時代中相遇了，他們在愛情場域中的迂迴試探、猶疑閃躲，甚至是嘶吼吶喊，究竟是想嘗試在情感的廢墟中打造華麗城堡？或是一種借他人之影的攬鏡自憐？
#好評推薦
★臺北市文化局長 蔡詩萍
演技洗練，角色迷人，讓人深深感覺：「愛情這東西」，麻煩處不分異性戀、同性戀，愛在其中，癡亦在其中。
★作家 白樵
前半段邊看邊抖，因為根本是身邊太多姐妹的愛情寫實面。沒有愛得低到塵埃裡跟沒有互毆的都不算同志真愛（？） 後半段結尾直接給爆表滿分，太高級的幽默感。
★師大國文系教授／散文作家 石曉風
許正平的劇本輕鬆詼諧（還夾帶自嘲）、舉重若輕地帶出同婚及愛情忠誠度、安全感等議題，「第四面牆」拉開的後設討論，與觀眾形成了良好互動。
★藝人 阿本
極具遐想的舞臺呈現，火花四射的激情演出，挖掘愛情的各種面貌！
★劇場編導 王靖惇
台南人劇團《愛情生活》令人驚艷的杜瑋哲！ 謝孟庭打開第四面牆好中二但好好笑，一邊看腦中一邊浮現多年前王宏元跟林曉函的皇冠首演版，兩版都有各自不一樣的魅力。
★師大國文系特聘教授 陳芳
演員表現輕鬆自然，整體調度漂亮流暢。不論是同性、異性或跨性，都不影響我們對愛情的期待和嚮往。就把悲傷留在劇場，帶著歡笑去生活吧。
#關於本劇
《愛情生活》攻受版
劇作家許正平有感於2019年同婚法通過後，性別平權看似往前邁了一大步，但對同志而言，結婚是否就是幸福快樂的保固證書？當普天同慶的集體嘉年華過後，同志回到個人房間，或許才意識到擁有選擇權下的不自由，原來之前極力爭取的愛情版型似乎並不合身。《愛情生活》攻受版就是以這種「後同婚時代」的憊懶狀態重新改寫。
#製作團隊
製作人│李維睦、呂柏伸
編劇│許正平
導演│呂柏伸
舞臺設計│黃郁涵
燈光設計│何定宗
服裝設計│李育昇
音樂設計│柯智豪
動作設計│蘇威嘉
主視覺攝影│58kg
主視覺設計│郭保伸
演員│謝孟庭（飾　狗）、杜瑋哲（飾　貓）
製作經理│劉辰君
舞臺監督│邱望堯
舞臺技術統籌│陳慶洋
導演助理│陳奕愷
妝髮執行│Lisa
宣傳│林耿邦
票務會計│紀美玲
指導單位│文化部
主辦單位│台南人劇團
協辦單位│臺南市政府文化局
贊助單位│國藝會
台南人劇團為2025TAIWAN TOP演藝團隊"
https://artemperor.tw/tidbits/18318,台灣，台北市,財團法人長虹教育基金會【2025 吹夢茶壺 兒童茶會】夢幻奇鏡，鐵觀音茶會,https://d2onjhd726mt7c.cloudfront.net/images/datas/000/117/875/al7j3617tst19aygxq295s2vbh98rhik_800x420^.jpg,2025-08-02 ~ 2025-08-03,臺北表演藝術中心(台北市士林區劍潭路1號),https://www.accupass.com/event/2504250812091907149370,林宇儂,"長虹教育基金會推動兒童茶會美學，打造適合7-12歲親子、獨特且童趣的藝術茶席。
今年與藝術家林宇儂共同策展，孩子們可近距離與藝術品接觸互動，邀請大家一起進劇場喝茶吃點心！
這是一場醒來後還會記得味道的夢。
以鐵觀音之夢的傳說為起點，跟著夢境的指引，一層一層地走進奇幻森林，
在藝術家林宇儂打造出的夢幻奇鏡中品嚐鐵觀音茶，你會在鏡中看見誰的夢?
－策展團隊－
長虹教育基金會 x 林宇儂studio uno
長虹教育基金會成立長虹小茶人志工社團，培育兒童社服機構及小學的孩子擔任小茶人，期望以""茶""讓孩子找到內心安放之所，豐富人生滋味，同時傳遞奉茶感恩心的意義。2023年起獨創融合藝術展演的新型態兒童茶會《吹夢茶壺》，於臺北兒童藝術節期間展演，獲得多方好評，希冀增進大眾對於臺灣茶文化的認識與欣賞，也投入對兒童的關注。
重要經歷：
2023-至今《吹夢茶壺》系列:三個氣球人的烏龍茶會、動物藝家 森友茶會
2023年8月 威尼斯建築雙年展平行展《+++TEA SPACE 循環茶事》兒童茶會
公益合作：國際大提琴家簡碧青、瑞士作曲家法比安·穆勒合作《茶之樂》音樂茶會、臺灣大學農業經濟學系「未來展演場」兒童公益茶會、臺北市藝術統合教育研究會公益茶席等。
藝術家林宇儂以"" 為孩子，也和孩子一起設計 ""為宗旨，開啟用""設計參與並支持兒童文化""的新興領域－「兒童文化設計（Child Culture Design）」，成立與諾文化設計(studio uno)，專注於發展兒童、親子為對象的裝置藝術、工作坊及展覽，推廣倡議兒童美感及設計教育與兒童權利等議題。
重要經歷：
2025年 文化部國家兒童未來館籌備處 『我想在兒童未來館這樣玩』及『認識建築．向下扎根』工作坊
2024年 桃園市兒童美術館、桃園市立圖書館總館兒童工作坊及營隊
2022年 國立臺灣美術館之臺灣兒童藝術基地策劃創作首檔教育展「你看!? Look!?」
－團隊名單－
❙長虹小茶人❙ 吳沛儒、林佩汶、陳思晴、黃羽萱、蕭婧、詹茗茗、許恩瑜、張劭擎、劉冠宏、陳品合、戴千賀、戴子翔
❙茶席策劃❙李如華、吳台琪、林姵君
❙合作藝術家❙ 林宇儂(Uno Lin)
❙主視覺❙ 與諾文化設計
❙指導單位❙ 教育部
❙主辦單位❙ 財團法人長虹教育基金會
❙協辦單位❙ 長虹建設股份有限公司"
